"First Name","Last Name","Age"
"Rebecca","Richardson","30"
"Tara","Montgomery","23"
"Savana","Carter","26"
"Jenna","Smith","21"
"Sydney","West","23"
"Violet","Gray","18"
"Lily","Andrews","18"
"Savana","Richardson","29"
"Oliver","Brown","30"
"William","Casey","21"
"Fiona","Jones","27"
"Adele","Johnston","27"
"Grace","Richardson","30"
"Byron","Carroll","23"
"Julia","Foster","19"
"Carlos","Higgins","26"
"Patrick","Casey","23"
"Melissa","Owens","19"
"Amy","Campbell","19"
"Lydia","Martin","24"
"Kirsten","Roberts","24"
"Chelsea","Rogers","18"
"Michelle","Henderson","23"
"Hailey","Hill","27"
"Tara","Foster","29"
"Jordan","Davis","18"
"Samantha","Richardson","18"
"Madaline","Murphy","24"
"Albert","Barnes","29"
"Steven","Cooper","19"
"Tyler","Hamilton","24"
"Maddie","Rogers","21"
"Camila","Casey","24"
"Kevin","Craig","18"
"Amber","Montgomery","20"
"Naomi","Dixon","28"
"Melissa","Casey","20"
"Cadie","Rogers","25"
"Adrian","Myers","24"
"Jessica","Martin","29"
"Tess","Elliott","22"
"Ned","Hall","21"
"Ellia","Johnston","22"
"Carl","Spencer","26"
"Derek","Barrett","30"
"Chester","Morgan","20"
"Eddy","Morgan","30"
"Adam","Lloyd","21"
"Sofia","Stevens","18"
"Vincent","Cooper","23"
"Dominik","Carter","27"
"Paul","Anderson","24"
"Penelope","Williams","19"
"Lyndon","Moore","20"
"Adam","Foster","24"
"Annabella","Robinson","21"
"Lydia","Cameron","22"
"Connie","Walker","21"
"Adrianna","Gibson","20"
"Belinda","Miller","21"
"Derek","Howard","21"
"Brad","Wilson","19"
"Caroline","Allen","28"
"Valeria","Ryan","27"
"George","Adams","21"
"Henry","Douglas","24"
"Carina","Perry","25"
"Kimberly","Edwards","29"
"Gianna","Myers","20"
"Dainton","Montgomery","26"
"Naomi","Montgomery","23"
"Carlos","Cole","24"
"Vivian","Scott","23"
"Emma","Armstrong","26"
"Robert","Kelly","24"
"Daisy","Turner","26"
"Amelia","Wilson","22"
"Kelsey","Stevens","27"
"Tony","Evans","20"
"Ryan","Chapman","28"
"Sarah","Montgomery","20"
"Edith","Allen","24"
"Victoria","Harris","30"
"Michelle","Roberts","26"
"Clark","Spencer","21"
"Amy","Ferguson","22"
"Paul","Mason","23"
"Michael","Ryan","24"
"Sydney","Williams","25"
"Andrew","Allen","29"
"Aston","Tucker","20"
"Aston","Russell","27"
"Lucas","Myers","18"
"Kristian","Harris","25"
"Haris","Cameron","30"
"Miley","Russell","19"
"Brianna","Spencer","21"
"Florrie","Martin","23"
"Ada","Campbell","30"
"Stella","Riley","27"
"Amy","Tucker","22"
"Mike","Gray","19"
"Freddie","Chapman","30"
"Eleanor","Warren","22"
"Daryl","Elliott","28"
"Garry","Thomas","25"
"Emily","Bailey","29"
"Gianna","Payne","18"
"Alfred","Anderson","24"
"Evelyn","Rogers","28"
"Henry","Rogers","18"
"Rebecca","Ferguson","24"
"Penelope","Farrell","23"
"Lucas","Morgan","23"
"Sawyer","Johnston","22"
"Amanda","Warren","22"
"Aldus","Taylor","23"
"Alberta","Brown","27"
"Oscar","Parker","26"
"Brooke","Lloyd","18"
"Garry","Hill","29"
"Aiden","West","25"
"Alina","Clark","27"
"Kellan","Ryan","30"
"Fenton","Thompson","29"
"Sienna","Harrison","19"
"Briony","Wilson","24"
"Bruce","Smith","30"
"Joyce","Wells","25"
"Lucas","Morrison","30"
"Anna","Nelson","19"
"Jacob","Taylor","22"
"Daisy","Morrison","30"
"Nicole","Armstrong","19"
"Miranda","Miller","22"
"Kirsten","Dixon","28"
"Rebecca","Ellis","21"
"Max","Anderson","29"
"Dale","Crawford","25"
"Nicholas","Montgomery","25"
"Ashton","Chapman","19"
"Lyndon","Higgins","18"
"Eddy","Reed","28"
"Madaline","Carroll","18"
"Cadie","Ryan","18"
"Albert","Morris","21"
"Rebecca","Rogers","30"
"Fenton","Higgins","29"
"Dainton","Perry","27"
"Alexander","Kelly","19"
"Roman","Ferguson","29"
"Dale","Martin","23"
"Wilson","Farrell","28"
"Joyce","Ross","30"
"Adrian","Adams","26"
"Sophia","Morgan","25"
"Emma","Dixon","22"
"Connie","Farrell","24"
"Abigail","Wells","18"
"Myra","Hunt","24"
"John","Clark","26"
"Jared","Cooper","24"
"Adam","Tucker","26"
"Garry","Clark","21"
"Jessica","Alexander","22"
"Wilson","Warren","25"
"Valeria","Gibson","23"
"Dominik","Ross","18"
"Miranda","Scott","25"
"Elian","Riley","22"
"Spike","Riley","30"
"David","Johnson","21"
"Miranda","Stevens","30"
"Tara","Gibson","30"
"Edgar","Thomas","22"
"Heather","Harper","30"
"James","Phillips","19"
"Lenny","Gibson","30"
"Harold","Mason","29"
"Stella","Morrison","18"
"Alissa","Warren","30"
"Maddie","Moore","20"
"Marcus","Alexander","23"
"Alexander","Perry","24"
"Owen","Higgins","18"
"Sydney","Perry","28"
"Kelsey","Owens","19"
"Olivia","Elliott","22"
"Joyce","Scott","21"
"Violet","Gibson","30"
"Dainton","Carroll","26"
"Tony","Scott","24"
"Ned","Ross","21"
"Alexia","Hunt","18"
"Roland","Allen","28"
"Sofia","Morris","18"
"Bruce","Roberts","26"
"Myra","Lloyd","23"
"Caroline","Bailey","29"
"Carlos","Smith","21"
