,0
Oliver Owens,Doctor_0
Paige Cunningham,Doctor_1
Brad Walker,Doctor_2
Abraham Holmes,Doctor_3
Andrew Richards,Nurse_0
Belinda Farrell,Nurse_1
Kevin West,Nurse_2
Dexter Morris,Nurse_3
Valeria Richardson,Nurse_4
Melissa Foster,Nurse_5
Sophia Casey,Nurse_6
Emily Foster,Nurse_7
Haris Higgins,Nurse_8
Clark Roberts,Nurse_9
Darcy Morris,Nurse_10
George Carter,Nurse_11
John Bennett,Nurse_12
Fenton Murray,Nurse_13
Justin Rogers,Nurse_14
Sydney Thompson,Nurse_15
Ted Chapman,Nurse_16
Albert Smith,Nurse_17
Wilson Harris,Nurse_18
Isabella Parker,Nurse_19
Adrian Rogers,Nurse_20
Patrick Fowler,Nurse_21
James Reed,Nurse_22
Robert Nelson,Nurse_23
Elian Miller,Doctor_4
Spike West,Doctor_5
Lily Tucker,Doctor_6
Maximilian Baker,Doctor_7
Catherine Harrison,Doctor_8
Lydia Fowler,Doctor_9
Lana Armstrong,Doctor_10
Savana Johnson,Doctor_11
Frederick Reed,Nurse_24
Penelope Owens,Doctor_12
Steven Jones,Doctor_13
Lana Payne,Nurse_25
Arianna Morris,Doctor_14
Melanie Riley,Doctor_15
Lana Richardson,Nurse_26
Jenna Montgomery,Doctor_16
James Watson,Nurse_27
Melanie Anderson,Doctor_17
Jared Higgins,Nurse_28
Sam Taylor,Doctor_18
Jasmine Cole,Nurse_29
Dale Wells,Doctor_19
Albert Harper,Nurse_30
Alfred Nelson,Doctor_20
Jordan Jones,Nurse_31
Rafael Phillips,Doctor_21
Ryan Clark,Nurse_32
Julia Edwards,Doctor_22
Amelia Murphy,Nurse_33
Walter Reed,Doctor_23
Fiona Casey,Nurse_34
Vivian Allen,Doctor_24
Sawyer Miller,Nurse_35
Owen Murray,Doctor_25
Aston Allen,Nurse_36
Oliver Williams,Doctor_26
Patrick Wells,Nurse_37
Melissa Miller,Doctor_27
Aston Roberts,Nurse_38
Adam Grant,Doctor_28
Paige Douglas,Nurse_39
Annabella Owens,Doctor_29
Ashton Owens,Nurse_40
Briony Wright,Doctor_30
Emma Fowler,Nurse_41
Connie Richardson,Doctor_31
Fiona Robinson,Nurse_42
Anna Ferguson,Doctor_32
Lyndon Chapman,Nurse_43
Arianna Spencer,Doctor_33
Reid Ryan,Doctor_34
Sofia Smith,Doctor_35
Florrie Foster,Nurse_44
Fenton Andrews,Doctor_36
Blake Bennett,Nurse_45
Savana Higgins,Doctor_37
Alissa Douglas,Doctor_38
Kevin Harrison,Doctor_39
Tyler Cooper,Doctor_40
Martin West,Doctor_41
Ned Mitchell,Doctor_42
Belinda Hawkins,Doctor_43
Kimberly Watson,Nurse_46
Paul Gray,Doctor_44
Charlotte Fowler,Doctor_45
Deanna Kelley,Doctor_46
Roland Phillips,Doctor_47
Aiden Henderson,Doctor_48
Adrianna Riley,Nurse_47
Edwin Stewart,Doctor_49
Kelvin Wright,Nurse_48
Tara Richards,Nurse_49
Rebecca Murray,Nurse_50
Florrie Russell,Nurse_51
Maddie Lloyd,Nurse_52
Owen Rogers,Nurse_53
Honey Montgomery,Nurse_54
Rebecca Carroll,Nurse_55
Charlotte Farrell,Nurse_56
Maria Mason,Nurse_57
Arnold Tucker,Nurse_58
Amelia Elliott,Nurse_59
Naomi Perry,Nurse_60
Garry Andrews,Nurse_61
Mike Hawkins,Nurse_62
Aida Baker,Nurse_63
Alan Montgomery,Nurse_64
Caroline Clark,Nurse_65
Michael Alexander,Nurse_66
Emily Stevens,Nurse_67
Adelaide Barnes,Nurse_68
Rubie Hunt,Nurse_69
Vivian Parker,Nurse_70
Brad Montgomery,Nurse_71
Alexia Wright,Nurse_72
Kristian Farrell,Nurse_73
Mike Howard,Nurse_74
Arianna Baker,Nurse_75
Carlos Douglas,Nurse_76
Justin Tucker,Nurse_77
Sofia Brown,Nurse_78
Ted Russell,Nurse_79
Samantha Owens,Nurse_80
Florrie Dixon,Nurse_81
Michelle Ross,Nurse_82
Edgar Mason,Nurse_83
Walter Jones,Nurse_84
Nicole Clark,Nurse_85
Sydney Hawkins,Nurse_86
Roman Miller,Nurse_87
Daniel Richardson,Nurse_88
Camila Wilson,Nurse_89
Lyndon Howard,Nurse_90
Abigail Armstrong,Nurse_91
Natalie Williams,Nurse_92
Roland Cole,Nurse_93
Naomi Craig,Nurse_94
Jessica Roberts,Nurse_95
Clark Harris,Nurse_96
Justin Dixon,Nurse_97
Maddie Perkins,Nurse_98
Adrianna Armstrong,Nurse_99
Alina Evans,Nurse_100
Daryl Mason,Nurse_101
Rosie Stewart,Nurse_102
Daisy Wells,Nurse_103
Steven Taylor,Nurse_104
Antony Wilson,Nurse_105
Aston West,Nurse_106
Alina Richards,Nurse_107
Emma Barnes,Nurse_108
Maria Holmes,Nurse_109
Sofia Hill,Nurse_110
Catherine Elliott,Nurse_111
Preston Thompson,Nurse_112
Belinda Payne,Nurse_113
Owen Kelley,Nurse_114
Martin Perry,Nurse_115
Naomi Bailey,Nurse_116
Lydia Perkins,Nurse_117
Miller Henderson,Nurse_118
Amy Gray,Nurse_119
Ellia Morris,Nurse_120
Arnold Allen,Nurse_121
Alen Cole,Nurse_122
Lucy Cole,Nurse_123
Lucy Alexander,Nurse_124
Alissa Johnston,Nurse_125
Andrew Dixon,Nurse_126
Paige Murphy,Nurse_127
Brianna Carter,Nurse_128
Miller West,Nurse_129
Belinda Martin,Nurse_130
Adison Davis,Nurse_131
Alen Smith,Nurse_132
Dominik Hunt,Nurse_133
Kristian Richardson,Nurse_134
Abraham Warren,Nurse_135
Walter Gibson,Nurse_136
Naomi Taylor,Nurse_137
John Nelson,Nurse_138
Kate Moore,Nurse_139
Lydia Brown,Nurse_140
Sabrina Payne,Nurse_141
Chloe Craig,Nurse_142
Myra Cole,Nurse_143
Ellia Harris,Nurse_144
Camila Chapman,Nurse_145
Brooke Thompson,Nurse_146
Sienna Stevens,Nurse_147
Arthur Andrews,Nurse_148
Oscar Richards,Nurse_149
Jacob Johnson,Nurse_150
Audrey Stewart,Nurse_151
Anna Gibson,Nurse_152
David Thompson,Nurse_153
Arnold Ferguson,Nurse_154
Gianna Howard,Nurse_155
Fenton Hawkins,Nurse_156
Stuart Riley,Nurse_157
Frederick Ryan,Nurse_158
Arianna Anderson,Nurse_159
Kevin Ryan,Nurse_160
Mike Roberts,Nurse_161
Ellia Casey,Nurse_162
Madaline Murray,Nurse_163
Cadie Cunningham,Nurse_164
Alissa Fowler,Nurse_165
April Barnes,Nurse_166
Julian Andrews,Nurse_167
Victor Davis,Nurse_168
Andrew Evans,Nurse_169
Emma Owens,Nurse_170
Naomi Hamilton,Nurse_171
Edith Elliott,Nurse_172
Dominik Higgins,Nurse_173
Alisa Stewart,Nurse_174
Chelsea Richardson,Nurse_175
Adrianna Alexander,Nurse_176
Aiden Clark,Nurse_177
Camila Evans,Nurse_178
Daryl Holmes,Nurse_179
Adele West,Nurse_180
Honey Cunningham,Nurse_181
Hailey Harrison,Nurse_182
Caroline Johnston,Nurse_183
Melanie Moore,Nurse_184
Deanna Henderson,Nurse_185
Jacob Russell,Nurse_186
Alexia Perry,Nurse_187
Mary Lloyd,Nurse_188
Sophia Morrison,Nurse_189
Henry Smith,Nurse_190
Alexander Watson,Nurse_191
James Kelly,Nurse_192
Eddy West,Nurse_193
Lily West,Nurse_194
Carlos Richards,Nurse_195
Victor Farrell,Nurse_196
Edward Spencer,Nurse_197
Max Ryan,Nurse_198
Owen Williams,Nurse_199
Andrew Bennett,Nurse_200
Vincent Bailey,Nurse_201
Eddy Perry,Nurse_202
Cadie Ryan,Nurse_203
Kellan Watson,Nurse_204
Michelle Warren,Nurse_205
Rafael Anderson,Nurse_206
Dainton Scott,Nurse_207
Carina Ryan,Nurse_208
Oscar Tucker,Nurse_209
Melissa Bennett,Nurse_210
Ryan Foster,Nurse_211
Michelle Craig,Nurse_212
Tiana Payne,Nurse_213
Daryl Spencer,Nurse_214
Charlie Carroll,Nurse_215
Chloe Ferguson,Nurse_216
Valeria Cameron,Nurse_217
Paige Johnson,Nurse_218
Arianna Myers,Nurse_219
Kristian Williams,Nurse_220
James Armstrong,Nurse_221
Mike Myers,Nurse_222
Arnold Grant,Nurse_223
Edward Cooper,Nurse_224
Sarah Gray,Nurse_225
Naomi Russell,Nurse_226
Eddy Morgan,Nurse_227
Arthur Dixon,Nurse_228
Aston Myers,Nurse_229
Jared Barnes,Nurse_230
Michael Hunt,Nurse_231
Aida Brooks,Nurse_232
Dominik Smith,Nurse_233
Samantha Robinson,Nurse_234
Arthur Farrell,Nurse_235
Paul Kelley,Nurse_236
Amanda Henderson,Nurse_237
Agata Andrews,Nurse_238
Adelaide Moore,Nurse_239
Ada Barnes,Nurse_240
Frederick Richards,Nurse_241
Adison Gray,Nurse_242
Ryan Smith,Nurse_243
Sophia Douglas,Nurse_244
Luke Morris,Nurse_245
Sophia Riley,Nurse_246
Vincent Scott,Nurse_247
Sam Johnston,Nurse_248
Martin Rogers,Nurse_249
Kimberly Edwards,Nurse_250
Miley Henderson,Nurse_251
Aldus Howard,Nurse_252
Fiona Foster,Nurse_253
Hailey Thompson,Nurse_254
Emma Ellis,Nurse_255
Daryl Owens,Nurse_256
Ada Walker,Nurse_257
Martin Martin,Nurse_258
Lenny Davis,Nurse_259
Tara Grant,Nurse_260
Preston Baker,Nurse_261
Robert Bennett,Nurse_262
Julian Davis,Nurse_263
Alford Evans,Nurse_264
Nicole Farrell,Nurse_265
Ned Williams,Nurse_266
Daryl Alexander,Nurse_267
Isabella Murphy,Nurse_268
Jessica Moore,Nurse_269
Savana Gray,Nurse_270
Maya Alexander,Nurse_271
Lilianna Murphy,Nurse_272
Alisa Farrell,Nurse_273
Penelope Armstrong,Nurse_274
Kimberly Spencer,Nurse_275
Rosie Warren,Nurse_276
Edward Tucker,Nurse_277
Edith Johnston,Nurse_278
Briony Ellis,Nurse_279
Belinda Barrett,Nurse_280
Kate Walker,Nurse_281
Camila Mason,Nurse_282
Lucy Ellis,Nurse_283
Victoria Martin,Nurse_284
Tony Montgomery,Nurse_285
Jasmine Sullivan,Nurse_286
Carl Hall,Nurse_287
Jessica Wells,Nurse_288
Connie Carter,Nurse_289
Caroline Wells,Nurse_290
Myra Sullivan,Nurse_291
Michael Cameron,Nurse_292
Melissa Crawford,Nurse_293
Byron Wilson,Nurse_294
Adison Anderson,Nurse_295
Robert Tucker,Nurse_296
Carlos Grant,Nurse_297
Oliver Holmes,Nurse_298
Chester Foster,Nurse_299
Jessica Payne,Nurse_300
Miller Higgins,Nurse_301
Carina Morris,Nurse_302
Arthur Wright,Nurse_303
Alberta Tucker,Nurse_304
James Dixon,Nurse_305
Kellan Russell,Nurse_306
Byron Thompson,Nurse_307
Daniel Harris,Nurse_308
Brad Crawford,Nurse_309
Daryl Grant,Nurse_310
Ryan Morris,Nurse_311
Mike Casey,Nurse_312
Daryl Turner,Nurse_313
Agata Mitchell,Nurse_314
Wilson Brooks,Nurse_315
Arnold Ryan,Nurse_316
Steven Walker,Nurse_317
Florrie Johnson,Nurse_318
Alexia Hall,Nurse_319
Frederick Cole,Nurse_320
Rubie Riley,Nurse_321
Maria Johnston,Nurse_322
Tara Ryan,Nurse_323
Ned Barnes,Nurse_324
Patrick Clark,Nurse_325
Carina Parker,Nurse_326
Samantha Smith,Nurse_327
Agata Campbell,Nurse_328
Amber Sullivan,Nurse_329
Victor Baker,Nurse_330
Joyce Cole,Nurse_331
Reid Reed,Nurse_332
Alina Clark,Nurse_333
Maximilian Watson,Nurse_334
Jacob Harper,Nurse_335
Brad Russell,Nurse_336
Joyce Anderson,Nurse_337
Thomas Robinson,Nurse_338
Ryan Douglas,Nurse_339
Victoria Hill,Nurse_340
Aston Davis,Nurse_341
Adam Casey,Nurse_342
Dale Richards,Nurse_343
Adrian Warren,Nurse_344
Amy Cooper,Nurse_345
Lyndon Stewart,Nurse_346
Edith Reed,Nurse_347
Samantha Richards,Nurse_348
Heather Kelly,Nurse_349
