ID,name and surname,score,working environment
3417,Sam Henderson,85,Economic
6864,Lydia Smith,82,Economic
3966,Paul Ellis,79,Economic
6675,Michelle Baker,78,Economic
3778,Robert Ross,78,Economic
5189,Tiana Allen,78,Economic
1324,Heather Taylor,77,Economic
1310,Richard Cole,76,Economic
591,Haris Morgan,74,Economic
3158,Edith Harper,74,Economic
578,Melissa Cunningham,73,Economic
3812,Eric Clark,73,Economic
1192,Chester Richards,73,Economic
2486,Sabrina Williams,73,Economic
3861,Robert Howard,73,Economic
406,Frederick Kelly,73,Economic
536,Victor Lloyd,72,Economic
4604,Jack Murphy,72,Economic
4793,Arthur Bennett,72,Economic
3349,Chelsea Stevens,71,Economic
3229,John Kelly,71,Economic
4463,Audrey Brown,71,Economic
5316,Edith Thomas,71,Economic
1328,Isabella Williams,70,Economic
3466,Lyndon Walker,70,Economic
1556,Aiden Howard,70,Economic
4280,Bruce Carter,70,Economic
429,Adelaide Andrews,70,Economic
3245,Haris Hamilton,70,Economic
2897,Heather Murray,70,Economic
4370,Brad Richards,69,Economic
1348,Naomi Martin,69,Economic
2792,Elise Harris,69,Economic
6248,Jacob Robinson,69,Economic
4008,Adrian Barrett,69,Economic
4462,Dale Moore,69,Economic
6941,Henry Chapman,69,Economic
605,Miley Davis,69,Economic
1283,Sydney Ross,69,Economic
5243,Steven Ryan,69,Economic
1343,Oscar Scott,68,Economic
1647,Tyler Harrison,68,Economic
3688,Jenna Smith,68,Economic
3564,Maximilian Murray,68,Economic
3391,Vanessa Cameron,68,Economic
6272,Kirsten Armstrong,68,Economic
1148,Carlos Crawford,68,Economic
6963,Reid Ferguson,68,Economic
6567,Michelle Tucker,68,Economic
2512,Jenna Barrett,68,Economic
1714,Honey Hawkins,68,Economic
5052,Samantha Mitchell,67,Economic
572,Isabella Farrell,67,Economic
3886,David Harper,67,Economic
1434,Vanessa Hall,67,Economic
3368,Nicole Richards,67,Economic
711,Stella Craig,67,Economic
6261,Michelle Carroll,67,Economic
962,Ada Gray,66,Economic
4290,Oscar Lloyd,66,Economic
4661,Stella West,66,Economic
350,Penelope Ellis,66,Economic
2004,Tony Cameron,66,Economic
2896,Jared Perry,66,Economic
756,Emily Armstrong,66,Economic
4001,Tara West,66,Economic
1940,James Brown,66,Economic
1925,Marcus Richards,66,Economic
6307,Samantha Ellis,66,Economic
4385,Marcus Walker,66,Economic
3756,Alissa Hall,66,Economic
868,Deanna Johnson,65,Economic
3729,Jessica Craig,65,Economic
3714,Rosie Perkins,65,Economic
4986,Alford Thompson,65,Economic
2459,Edith Farrell,65,Economic
2930,Florrie Craig,65,Economic
4974,Sabrina Wilson,65,Economic
1205,Alissa Barnes,65,Economic
2794,Vanessa Andrews,65,Economic
2952,Tess Scott,65,Economic
3037,Alfred Foster,65,Economic
1295,Honey Elliott,65,Economic
3584,Alen Cameron,65,Economic
3540,Alberta Ryan,65,Economic
2679,Amelia Kelly,64,Economic
886,Alen Baker,64,Economic
4249,Carina Alexander,64,Economic
3876,Violet Turner,64,Economic
3868,Florrie Ross,64,Economic
2453,Max Johnson,64,Economic
947,Lenny Crawford,64,Economic
7007,Maya Cooper,64,Economic
588,Alexander Miller,64,Economic
6712,Albert Lloyd,64,Economic
4977,Edgar Thompson,64,Economic
1387,Arianna Allen,64,Economic
325,Leonardo Mason,64,Economic
391,Kate Montgomery,63,Economic
2865,Michelle Wright,63,Economic
5098,Justin Hunt,63,Economic
4906,Haris Riley,63,Economic
2738,Rebecca Howard,63,Economic
3312,Jacob Cole,63,Economic
3430,Valeria Harris,63,Economic
3711,Lenny Carroll,63,Economic
3805,Harold Williams,63,Economic
2588,Lucy Gibson,63,Economic
681,Eric Smith,63,Economic
704,Edith Williams,63,Economic
1661,Penelope Farrell,63,Economic
2553,Sophia Hamilton,63,Economic
3525,Maria Kelly,63,Economic
3606,Honey Grant,62,Economic
6009,Carlos Hill,62,Economic
1240,Heather Barrett,62,Economic
2871,Byron Hawkins,62,Economic
1327,Max Grant,62,Economic
3964,Joyce Douglas,62,Economic
3894,Patrick Morgan,62,Economic
2933,Caroline Sullivan,62,Economic
1342,Kirsten Mitchell,62,Economic
2753,Dainton Crawford,62,Economic
2704,Daryl Ryan,62,Economic
3118,Albert Higgins,62,Economic
1094,Clark Casey,62,Economic
2748,Alina Higgins,62,Economic
3708,Jasmine Johnston,62,Economic
3115,Camila Richards,62,Economic
2821,Walter Carter,62,Economic
4498,Nicholas Montgomery,62,Economic
2543,Preston Brown,62,Economic
4201,Camila Ryan,62,Economic
2528,Charlie Hawkins,62,Economic
5367,Hailey Scott,62,Economic
5035,Adelaide Bailey,62,Economic
6299,Max Taylor,61,Economic
5144,Amy Carter,61,Economic
3797,Fiona Higgins,61,Economic
613,Preston Murphy,61,Economic
4780,Ashton Grant,61,Economic
3837,Kevin Murphy,61,Economic
3853,Kimberly Bennett,61,Economic
1105,Adrian Wright,61,Economic
6305,Nicole Johnson,61,Economic
4320,Frederick Wells,61,Economic
2705,William Stewart,61,Economic
5142,Caroline Andrews,61,Economic
6329,Lenny Payne,61,Economic
3583,Sienna Hill,61,Economic
1496,Miller Douglas,61,Economic
2822,Rosie Smith,61,Economic
4556,Maximilian Cooper,61,Economic
6485,Alina Hamilton,61,Economic
404,Maddie Stevens,61,Economic
3928,Darcy Thompson,61,Economic
4328,Kristian Armstrong,60,Economic
3967,Chester Hawkins,60,Economic
311,Honey Harper,60,Economic
6849,Naomi Myers,60,Economic
1652,Charlie Alexander,60,Economic
6618,April Johnston,60,Economic
5068,Arnold Farrell,60,Economic
2597,Brianna Bennett,60,Economic
4531,Antony Ferguson,60,Economic
4753,Haris Ross,60,Economic
4568,Ellia Perry,60,Economic
1883,Cherry Foster,60,Economic
972,Dainton Turner,60,Economic
3954,Alina Scott,60,Economic
5125,Connie Smith,60,Economic
4252,Amber Higgins,60,Economic
5610,Charlotte Perry,60,Economic
3268,Alen Holmes,59,Economic
1650,Kate West,59,Economic
6257,Kellan Kelly,59,Economic
1662,Kimberly Allen,59,Economic
2377,Tony Perry,59,Economic
1943,Stella Jones,59,Economic
2036,Edgar Craig,59,Economic
6948,Audrey Wilson,59,Economic
294,Lana Bailey,59,Economic
3649,Luke Cunningham,59,Economic
3070,Adison Warren,59,Economic
3455,Sarah Armstrong,59,Economic
6817,Alissa Roberts,59,Economic
1469,Edgar Montgomery,59,Economic
1456,Derek Andrews,59,Economic
3096,Adrianna Cameron,59,Economic
1503,Charlotte Walker,59,Economic
3102,Carl Johnson,59,Economic
617,George Stewart,59,Economic
4912,Richard Grant,59,Economic
6627,Jasmine Bennett,59,Economic
3027,Violet Thomas,59,Economic
6290,Clark Watson,58,Economic
1956,Belinda Montgomery,58,Economic
883,Victoria Parker,58,Economic
3129,Savana Parker,58,Economic
1922,Edwin Harrison,58,Economic
1061,Jenna Campbell,58,Economic
2878,Carl Casey,58,Economic
3736,Carl Stevens,58,Economic
686,Sofia Holmes,58,Economic
3748,Vincent Elliott,58,Economic
1170,Jessica Murphy,58,Economic
4882,Jessica Stewart,58,Economic
1752,Miley Anderson,58,Economic
4431,Abraham Hunt,58,Economic
1141,Lyndon Thompson,58,Economic
3298,Richard Roberts,58,Economic
787,Alfred Wilson,58,Economic
6225,Alexander Mitchell,58,Economic
1349,Bruce Taylor,58,Economic
6838,Abigail Wright,57,Economic
4632,Joyce Barrett,57,Economic
1840,Caroline Phillips,57,Economic
2505,Max Edwards,57,Economic
906,Lyndon Mason,57,Economic
492,Joyce Wells,57,Economic
3874,Aiden Thompson,57,Economic
4998,Edith Payne,57,Economic
2638,Edith Roberts,57,Economic
661,Natalie Roberts,57,Economic
1309,Maria Barrett,57,Economic
4388,Lana Spencer,57,Economic
5000,Amy Sullivan,57,Economic
1337,Andrew Taylor,57,Economic
4200,Alford Richards,57,Economic
3544,Naomi Payne,57,Economic
655,Tiana Mason,57,Economic
811,Dexter Stevens,57,Economic
5383,Vincent Gibson,57,Economic
850,Amelia Morris,57,Economic
2581,Richard Warren,57,Economic
6301,Ryan Hill,56,Economic
4921,Lucia Scott,56,Economic
2686,Daisy Robinson,56,Economic
893,Chelsea Robinson,56,Economic
4002,Harold Fowler,56,Economic
6659,Nicholas Cooper,56,Economic
6832,Sophia Baker,56,Economic
4257,Emily Harris,56,Economic
1042,Camila Higgins,56,Economic
732,Marcus Sullivan,56,Economic
5337,Maximilian Hamilton,56,Economic
3164,Cherry Clark,56,Economic
1774,Natalie Ellis,56,Economic
3023,Michelle Riley,56,Economic
654,Agata Riley,56,Economic
6766,Brad Cooper,56,Economic
2701,Maddie Robinson,56,Economic
3460,Madaline Cunningham,56,Economic
330,Alisa Casey,56,Economic
2425,Patrick Kelly,56,Economic
4672,Ashton Robinson,56,Economic
4673,Deanna Gray,56,Economic
2568,Abigail Murphy,56,Economic
1579,Haris Richardson,56,Economic
3527,Garry Stewart,56,Economic
1685,Grace Crawford,56,Economic
2717,Oscar Cooper,56,Economic
4475,Aldus Montgomery,56,Economic
4777,Elian Owens,56,Economic
4790,Florrie Morris,56,Economic
1767,Walter Clark,56,Economic
5107,Albert Robinson,55,Economic
2834,Lucas Williams,55,Economic
2116,Eleanor Mason,55,Economic
2773,Andrew Hamilton,55,Economic
6520,Tara Adams,55,Economic
6281,Jasmine Taylor,55,Economic
2091,Jenna Kelly,55,Economic
6608,Lenny Riley,55,Economic
6483,Rafael Parker,55,Economic
3473,Sabrina Phillips,55,Economic
821,Antony Rogers,55,Economic
5396,Amber Holmes,55,Economic
792,Naomi Thompson,55,Economic
1185,Aida Edwards,55,Economic
4291,Emily Phillips,55,Economic
538,Maya Stevens,55,Economic
1402,Alisa Morgan,55,Economic
1464,Belinda Spencer,55,Economic
1561,Luke Gray,55,Economic
371,Rubie Roberts,55,Economic
4687,Amanda Farrell,55,Economic
2710,Lenny Wells,55,Economic
1818,Roland Stevens,55,Economic
1847,Stuart Warren,55,Economic
5758,Haris Johnson,55,Economic
2408,Chloe Stevens,54,Economic
6320,April Russell,54,Economic
2693,Eleanor Kelly,54,Economic
3731,Savana Foster,54,Economic
2910,Abigail Riley,54,Economic
714,Nicholas West,54,Economic
1152,Tess Edwards,54,Economic
1093,Fiona Barnes,54,Economic
5681,Chloe Kelly,54,Economic
941,Martin Crawford,54,Economic
2917,Olivia Montgomery,54,Economic
5378,Emily Hawkins,54,Economic
4378,Dexter Spencer,54,Economic
3680,Maddie Campbell,54,Economic
537,Grace Davis,54,Economic
4769,Arnold Murray,54,Economic
4528,Jessica Williams,54,Economic
6798,Lenny Ross,54,Economic
4607,Thomas Stewart,54,Economic
401,Adele Kelley,54,Economic
5166,Elise Smith,54,Economic
5171,Garry Clark,54,Economic
3520,Naomi Cooper,54,Economic
6806,Carl Cameron,54,Economic
1593,Rebecca Barnes,54,Economic
3308,Agata Watson,54,Economic
1695,Abraham Bennett,54,Economic
1708,Rafael Farrell,54,Economic
3218,Antony Howard,54,Economic
1867,Aida Evans,54,Economic
3451,Fenton Warren,54,Economic
4941,Joyce Cunningham,54,Economic
1905,Tess Mitchell,54,Economic
3040,Melissa Payne,54,Economic
6883,Miller Morris,54,Economic
5047,Eddy Gibson,53,Economic
4756,Cadie Elliott,53,Economic
2507,Richard Dixon,53,Economic
4967,Paige Crawford,53,Economic
4879,Audrey Harris,53,Economic
5397,Sophia Harrison,53,Economic
6276,Wilson Perkins,53,Economic
5235,Abigail Phillips,53,Economic
2621,Aldus Scott,53,Economic
3718,Ashton Morrison,53,Economic
3444,Jared Scott,53,Economic
2751,Leonardo Roberts,53,Economic
3022,Nicholas Kelly,53,Economic
2974,Florrie Elliott,53,Economic
2967,Adam Brown,53,Economic
3499,Violet Stevens,53,Economic
2697,Jacob Adams,53,Economic
1140,Lilianna Brown,53,Economic
6905,Michael Baker,53,Economic
423,Frederick Adams,53,Economic
1878,Isabella Chapman,53,Economic
764,Nicholas Adams,53,Economic
1607,Chloe Wilson,53,Economic
1463,Bruce Kelley,53,Economic
1392,Charlie Dixon,53,Economic
2319,Mike Cooper,53,Economic
6428,Alexander Richards,53,Economic
2403,Charlotte Richards,53,Economic
2230,Naomi Scott,52,Economic
2542,Fiona Craig,52,Economic
228,Lucy Ryan,52,Economic
1580,Cherry Campbell,52,Economic
5343,Chelsea Dixon,52,Economic
6282,Sofia Davis,52,Economic
4676,Carina Clark,52,Economic
780,Roland Cunningham,52,Economic
1663,Alissa Dixon,52,Economic
2698,Rubie West,52,Economic
2187,Ryan Russell,52,Economic
5509,Alina Allen,52,Economic
1224,Jenna Hamilton,52,Economic
4391,Kimberly Crawford,52,Economic
857,Alford Cunningham,52,Economic
2334,Abigail Davis,52,Economic
3651,Jared Thompson,52,Economic
3201,Natalie Ross,52,Economic
4561,Charlie Jones,52,Economic
4426,Belinda Brown,52,Economic
1038,Leonardo Johnston,52,Economic
416,Vanessa Moore,52,Economic
1298,Cadie Stevens,52,Economic
1024,Brad Ferguson,52,Economic
1120,Sydney Russell,52,Economic
3802,Miller Elliott,51,Economic
3426,Tyler Harper,51,Economic
4403,Kristian Richards,51,Economic
670,Roland Casey,51,Economic
2863,Paige Mitchell,51,Economic
2812,Ashton Farrell,51,Economic
528,Fiona Howard,51,Economic
3262,Frederick Gibson,51,Economic
6503,Julian Montgomery,51,Economic
775,George Cameron,51,Economic
1068,Michael Moore,51,Economic
6835,Victoria Richards,51,Economic
3490,Julia Smith,51,Economic
1234,Audrey Mitchell,51,Economic
6893,Sawyer Edwards,51,Economic
3946,Eddy Watson,51,Economic
2609,Rebecca Allen,51,Economic
2614,Byron Johnson,51,Economic
2366,Julia Russell,51,Economic
1373,Amelia Hill,51,Economic
4555,James Owens,51,Economic
2016,Aston Evans,51,Economic
6338,Sophia Harper,51,Economic
1490,Alina Carroll,51,Economic
6803,Sienna Campbell,51,Economic
1215,Annabella Nelson,50,Economic
2006,David Reed,50,Economic
4196,Frederick Mitchell,50,Economic
5347,Edwin Gray,50,Economic
4517,Paul Casey,50,Economic
1340,Henry Hunt,50,Economic
6212,Arnold Richards,50,Economic
521,Tony Howard,50,Economic
4481,Ted Morris,50,Economic
1888,Valeria Ellis,50,Economic
798,Kirsten Harris,50,Economic
3156,Lucy Allen,50,Economic
3188,Frederick Higgins,50,Economic
3603,Sophia Turner,50,Economic
3990,Spike Sullivan,50,Economic
3331,Thomas Ross,50,Economic
3439,Aston Walker,50,Economic
2465,James Stewart,50,Economic
4746,Audrey Hunt,50,Economic
7006,Miley Warren,50,Economic
4619,Edwin Moore,50,Economic
2839,Leonardo Crawford,50,Economic
6921,Alan Stewart,50,Economic
6911,Reid Payne,50,Economic
6544,Ellia Campbell,50,Economic
2305,Alissa Taylor,50,Economic
2622,Spike Martin,50,Economic
2076,Penelope Higgins,50,Economic
2080,Walter Brooks,50,Economic
1467,Kevin Rogers,49,Economic
6822,Ellia Kelly,49,Economic
3160,James Parker,49,Economic
6802,Connie Mason,49,Economic
4405,Amanda Montgomery,49,Economic
3126,Aston Bennett,49,Economic
4684,Edgar Payne,49,Economic
295,Alfred Perry,49,Economic
3279,Michael West,49,Economic
3579,Darcy Hawkins,49,Economic
6267,Fenton Barrett,49,Economic
4973,Adrian Alexander,49,Economic
1156,Roland Barrett,49,Economic
42,Justin Thompson,49,Economic
4484,Caroline Tucker,49,Economic
5103,Ashton Andrews,49,Economic
3713,Roman Edwards,49,Economic
5251,Sydney Stevens,49,Economic
3785,Ned Tucker,49,Economic
751,Lilianna Casey,48,Economic
6512,Arthur Smith,48,Economic
4323,Miley Wells,48,Economic
6237,Ellia Morrison,48,Economic
3372,Aldus Gray,48,Economic
1642,Robert Barrett,48,Economic
4352,Belinda Murphy,48,Economic
3775,Spike Craig,48,Economic
1027,Emma Andrews,48,Economic
970,Sarah Hamilton,48,Economic
4014,Preston Nelson,48,Economic
923,Miranda Mason,48,Economic
905,Victor Chapman,48,Economic
2327,Mike Harrison,48,Economic
4334,Nicole Murphy,48,Economic
560,Dainton Sullivan,48,Economic
6792,Mary Kelley,48,Economic
4419,Nicholas Kelley,48,Economic
5293,Daryl Cameron,48,Economic
6564,Arnold Casey,48,Economic
4432,Ada Barrett,48,Economic
4649,Tiana Roberts,48,Economic
1719,Edwin Reed,48,Economic
5301,Roman Martin,47,Economic
2623,Audrey Morrison,47,Economic
4123,Patrick Barnes,47,Economic
1444,Camila Perry,47,Economic
6809,Dexter Walker,47,Economic
1351,Spike Douglas,47,Economic
211,Charlotte Dixon,47,Economic
3608,Kelsey Dixon,47,Economic
3655,Kirsten Martin,47,Economic
2574,Daniel Henderson,47,Economic
2354,Nicholas Bailey,47,Economic
1919,Jenna Crawford,47,Economic
3036,Jack Gibson,47,Economic
3862,Eric Nelson,47,Economic
6958,Lana Murray,47,Economic
3822,Frederick Perkins,47,Economic
793,Brooke Tucker,47,Economic
2970,Evelyn West,47,Economic
4396,Briony Bennett,47,Economic
4239,Amy Henderson,47,Economic
4784,Vincent Hall,47,Economic
4650,Daisy Russell,47,Economic
6510,Agata Johnson,47,Economic
6554,Carina Myers,47,Economic
4549,Alexander Myers,47,Economic
5152,Arnold Johnson,46,Economic
719,Arnold Stevens,46,Economic
2093,Marcus Howard,46,Economic
2349,Deanna Wells,46,Economic
1301,Grace Cooper,46,Economic
696,Ryan Stewart,46,Economic
4606,Sienna Perkins,46,Economic
3892,Ryan Williams,46,Economic
5942,Daisy Mason,46,Economic
1711,Amelia Ross,46,Economic
1657,Naomi Perkins,46,Economic
5226,Abraham Stevens,46,Economic
6440,Lucy Casey,46,Economic
4987,Kimberly Carter,46,Economic
1106,Paul Taylor,46,Economic
1169,Belinda Riley,46,Economic
460,Audrey Ellis,46,Economic
3025,Edgar Foster,46,Economic
5286,Vanessa Edwards,46,Economic
3021,Byron Higgins,46,Economic
647,Ashton Gray,46,Economic
4487,Ned Harper,46,Economic
4623,Rafael Smith,46,Economic
4025,Freddie Ross,46,Economic
1143,Carlos Alexander,46,Economic
4800,Leonardo Cameron,46,Economic
5252,Steven Hill,46,Economic
205,Aldus Sullivan,46,Economic
269,Mike Davis,46,Economic
5442,Eric West,46,Economic
5510,Sabrina Roberts,46,Economic
634,Melanie Barnes,46,Economic
3406,Emma Carter,46,Economic
397,Rebecca Edwards,46,Economic
734,Audrey Davis,46,Economic
2891,Sam Hawkins,46,Economic
3593,Mary Myers,46,Economic
546,Kevin Sullivan,46,Economic
3569,Jack Moore,46,Economic
501,Stuart Cunningham,45,Economic
4856,Harold Jones,45,Economic
5117,Tess Brown,45,Economic
439,Alen Hunt,45,Economic
4810,Camila Phillips,45,Economic
640,Stella Elliott,45,Economic
814,Mike Kelley,45,Economic
3939,Ned Watson,45,Economic
266,Mary Montgomery,45,Economic
1016,Alen Elliott,45,Economic
840,Sawyer Turner,45,Economic
4448,Tara Sullivan,45,Economic
3956,Emily Chapman,45,Economic
1163,Adrianna Dixon,45,Economic
3095,Marcus Hill,45,Economic
5955,Eleanor Ellis,45,Economic
1167,Valeria Johnston,45,Economic
2591,Dominik Johnson,45,Economic
2783,Ted Johnston,45,Economic
6531,Adrianna Brooks,45,Economic
1710,Carlos Harrison,45,Economic
3105,Stuart Johnston,45,Economic
1776,Caroline Thomas,45,Economic
3502,Mike Lloyd,45,Economic
2332,Mike Morrison,44,Economic
379,Aston Barrett,44,Economic
2823,Oscar Riley,44,Economic
5422,Edwin Holmes,44,Economic
5400,Alberta Montgomery,44,Economic
307,Lenny Scott,44,Economic
5921,Charlotte Warren,44,Economic
4865,Tyler Allen,44,Economic
4819,Michelle Allen,44,Economic
5119,Arthur Wilson,44,Economic
6569,Adele Phillips,44,Economic
561,Wilson Dixon,44,Economic
622,Derek Carter,44,Economic
769,Sienna Johnston,44,Economic
3288,Sam Bennett,44,Economic
1702,Sawyer Armstrong,44,Economic
4330,Kelsey Montgomery,44,Economic
4435,Alfred Miller,44,Economic
4743,Paige Smith,44,Economic
4562,Sydney Armstrong,44,Economic
5782,Maddie Perry,44,Economic
4510,Naomi Chapman,44,Economic
1062,Lucy Bennett,44,Economic
1031,Albert Kelley,44,Economic
2055,Alexia Robinson,43,Economic
5355,Sarah Foster,43,Economic
3696,Reid Riley,43,Economic
4535,Stuart Ross,43,Economic
2958,Penelope Hill,43,Economic
882,Alen Mason,43,Economic
6194,Nicole Parker,43,Economic
4566,Cadie Richards,43,Economic
1174,Jordan Farrell,43,Economic
270,Roman Gibson,43,Economic
258,Briony Myers,43,Economic
6646,Mike Mitchell,43,Economic
3122,Mary Hall,43,Economic
210,Darcy Holmes,43,Economic
3951,Chloe Hunt,43,Economic
349,Dale Evans,43,Economic
1361,Samantha Mason,43,Economic
6841,Isabella Stewart,43,Economic
5245,Garry Smith,43,Economic
2359,Maria Fowler,43,Economic
2316,Daisy Thomas,43,Economic
4208,Preston Miller,43,Economic
6068,Carl Spencer,43,Economic
1011,Cherry Wright,43,Economic
1451,Oliver Casey,43,Economic
1882,Amy Phillips,43,Economic
2097,Kristian Wilson,42,Economic
3082,Alen Henderson,42,Economic
4360,Stuart Clark,42,Economic
4712,Antony Evans,42,Economic
1947,David Hill,42,Economic
1835,Max Warren,42,Economic
4316,Jessica Fowler,42,Economic
1805,Victor Gray,42,Economic
428,Jordan Myers,42,Economic
3553,Sam Stewart,42,Economic
1597,Catherine West,42,Economic
2399,Emma Ferguson,42,Economic
6980,Derek Evans,42,Economic
3598,Alen Miller,42,Economic
124,Briony Richards,42,Economic
1302,Edwin Roberts,42,Economic
3545,Oscar Sullivan,42,Economic
4897,Kate Dixon,42,Economic
4065,Melanie Dixon,42,Economic
3922,Paul Ferguson,42,Economic
2294,Victor Alexander,42,Economic
2394,Adele Perkins,42,Economic
5339,Rosie Perry,42,Economic
3660,Chester Smith,42,Economic
3397,Patrick Stewart,42,Economic
2735,Fenton Harrison,42,Economic
2420,Deanna Cunningham,42,Economic
4183,Lilianna Cooper,42,Economic
6444,Maximilian Riley,42,Economic
6374,Adele Anderson,42,Economic
3404,Connie Richards,42,Economic
2232,Eddy Jones,42,Economic
3880,Cherry Hunt,42,Economic
6226,Jordan Harris,42,Economic
5790,Alina Wells,41,Economic
1899,Freddie Casey,41,Economic
22,Eric Carroll,41,Economic
1902,Heather Morrison,41,Economic
2059,Frederick Murphy,41,Economic
2939,Amy Tucker,41,Economic
2012,Edgar Murray,41,Economic
1284,Walter Adams,41,Economic
2944,Alfred Andrews,41,Economic
2014,Martin Fowler,41,Economic
709,Robert Ryan,41,Economic
2374,Tara Evans,41,Economic
1403,Emily Adams,41,Economic
3369,Sophia Dixon,41,Economic
3280,Lydia Warren,41,Economic
5310,Florrie Phillips,41,Economic
5150,Nicholas Clark,41,Economic
6361,Amy Baker,41,Economic
4874,Leonardo Howard,41,Economic
2333,Daryl Edwards,41,Economic
1875,Nicole Sullivan,41,Economic
3616,Amanda Martin,41,Economic
6721,Darcy Sullivan,41,Economic
3841,Charlotte Stevens,41,Economic
4888,Chester Scott,40,Economic
2877,Kate Owens,40,Economic
2669,Maya Kelley,40,Economic
2779,Melanie Ryan,40,Economic
2201,Jacob Perkins,40,Economic
4750,Thomas Casey,40,Economic
4450,Lydia Thompson,40,Economic
4578,Emma Morris,40,Economic
6115,Stella Riley,40,Economic
1549,Aida Montgomery,40,Economic
1670,Max Richardson,40,Economic
3530,Ashton Bennett,40,Economic
5622,Mary Grant,40,Economic
1379,Violet Evans,40,Economic
3985,Chester Wells,40,Economic
3172,Arianna Farrell,40,Economic
1341,Kimberly Morrison,40,Economic
3953,Miller Crawford,40,Economic
2583,Lydia Andrews,39,Economic
2546,Annabella Hunt,39,Economic
3390,Edwin Thomas,39,Economic
6847,Brad Hunt,39,Economic
5859,Adelaide Murray,39,Economic
194,Fiona Roberts,39,Economic
4866,Blake Wilson,39,Economic
1255,Charlie Campbell,39,Economic
783,Edgar Martin,39,Economic
3724,Agata Dixon,39,Economic
2747,Anna Anderson,39,Economic
5066,Violet Parker,39,Economic
3052,Alexander Murray,39,Economic
6725,Jasmine Chapman,39,Economic
2813,Lydia Thomas,39,Economic
4434,Joyce Davis,39,Economic
5661,Heather Ryan,38,Economic
2519,Cherry Casey,38,Economic
4005,Rebecca Spencer,38,Economic
1807,Oscar Turner,38,Economic
1001,Amy Kelly,38,Economic
4466,Kelvin Smith,38,Economic
2380,Adrian Mason,38,Economic
5973,Ashton Johnston,38,Economic
96,Dominik Perry,38,Economic
3514,Brad Wilson,38,Economic
6324,Jordan Thompson,38,Economic
4936,Frederick Murray,38,Economic
1995,Garry Myers,38,Economic
3343,David Martin,38,Economic
6584,Sam Dixon,38,Economic
2257,Sawyer Dixon,38,Economic
3418,James Edwards,38,Economic
6572,Roman Phillips,38,Economic
717,Kristian Adams,38,Economic
2149,Audrey Russell,37,Economic
3671,Hailey Cameron,37,Economic
5671,Derek Gibson,37,Economic
4970,Jessica Morgan,37,Economic
5051,Lydia Gibson,37,Economic
3993,Henry Morrison,37,Economic
2202,Justin Morgan,37,Economic
6853,Adrian Howard,37,Economic
372,Emma Adams,37,Economic
3375,Miller Tucker,37,Economic
232,Carina Montgomery,37,Economic
4238,Ellia Henderson,37,Economic
5156,Frederick Nelson,37,Economic
6336,Valeria Perry,37,Economic
5395,Maya Richards,37,Economic
3295,Chester Kelley,37,Economic
5956,Dominik Baker,37,Economic
6504,Rosie Edwards,37,Economic
3542,Fiona Clark,37,Economic
6686,Sawyer Mitchell,37,Economic
6611,Jared Harper,37,Economic
3211,Alexander West,37,Economic
9,Ellia Gibson,37,Economic
5522,Dale Gray,36,Economic
5080,Alissa Holmes,36,Economic
5181,Aldus Cole,36,Economic
7008,Victoria Evans,36,Economic
221,Lydia Ross,36,Economic
1742,Deanna Casey,36,Economic
4364,Arianna Riley,36,Economic
2436,Gianna Carter,36,Economic
2642,Eleanor Craig,36,Economic
2650,Chelsea Bailey,36,Economic
4524,Sawyer Spencer,36,Economic
4638,Sarah Scott,36,Economic
1363,Miley Cameron,36,Economic
519,Lilianna Kelley,36,Economic
3730,Cadie Edwards,36,Economic
4787,Vanessa Smith,36,Economic
3293,Blake Cole,36,Economic
4744,Aston Foster,35,Economic
1480,Naomi Gray,35,Economic
4359,Edgar Armstrong,35,Economic
192,Ashton Cunningham,35,Economic
6831,Roman Owens,35,Economic
3908,Myra Mitchell,35,Economic
6650,Wilson Ross,35,Economic
4457,Carina Ferguson,35,Economic
2547,Edith Jones,35,Economic
5638,April Harris,35,Economic
3933,Maximilian Tucker,34,Economic
163,Antony Payne,34,Economic
3130,Vivian Fowler,34,Economic
5364,Jessica Warren,34,Economic
3065,Justin Ryan,34,Economic
1124,Rebecca Russell,34,Economic
3087,Mary Watson,34,Economic
3825,Ellia Johnston,34,Economic
5318,Camila Casey,34,Economic
3175,Rebecca Stevens,34,Economic
1390,Marcus Morgan,34,Economic
4963,Kristian Russell,34,Economic
4925,Sofia Riley,34,Economic
4872,Preston Campbell,34,Economic
2113,Sofia Jones,34,Economic
3541,Nicole Chapman,34,Economic
4669,Melissa Thompson,34,Economic
2262,Richard Thomas,33,Economic
4924,Sydney Hunt,33,Economic
4849,Kelvin Owens,33,Economic
6745,Annabella Kelley,33,Economic
109,Roland Campbell,33,Economic
184,Kelvin Thomas,33,Economic
1290,Edith Evans,33,Economic
2942,Madaline Thomas,33,Economic
4408,Mike Murray,33,Economic
4492,Jenna Farrell,33,Economic
5276,Melissa Montgomery,33,Economic
4134,Antony Roberts,33,Economic
5832,Ned Clark,33,Economic
1529,Aston Montgomery,32,Economic
6138,Lucas Morrison,32,Economic
4890,Jack Grant,32,Economic
130,Brad Allen,32,Economic
6677,Rafael Johnson,32,Economic
4365,Tiana Hunt,32,Economic
3465,James Hawkins,32,Economic
282,Heather Mitchell,32,Economic
2445,Heather Stewart,32,Economic
6889,Isabella Campbell,32,Economic
4132,Dominik Hamilton,32,Economic
5384,Marcus Wilson,32,Economic
104,Valeria Parker,32,Economic
4454,Sabrina Evans,32,Economic
2250,Violet Roberts,32,Economic
5662,Camila Henderson,31,Economic
3332,Julia Kelly,31,Economic
2199,Preston Carroll,31,Economic
179,Adrianna Kelley,31,Economic
5735,Henry Cooper,31,Economic
5966,Alfred Casey,31,Economic
542,Edith Henderson,31,Economic
2793,Alfred Watson,31,Economic
2734,Tiana Robinson,31,Economic
6461,Steven Bennett,31,Economic
5615,April Richards,31,Economic
2195,Oliver Crawford,31,Economic
725,Alina Parker,31,Economic
1643,Vincent Edwards,31,Economic
4519,Naomi Edwards,31,Economic
6973,Antony Brooks,31,Economic
6216,Hailey Robinson,31,Economic
3062,William Russell,31,Economic
6249,Lucia Dixon,31,Economic
4113,Evelyn Hamilton,31,Economic
4160,Derek Bennett,31,Economic
2340,Hailey Jones,31,Economic
4979,Oliver Miller,30,Economic
5879,Ted Rogers,30,Economic
2768,Tyler Gibson,30,Economic
3242,Arianna Harper,30,Economic
6056,Hailey Hill,30,Economic
5535,Amanda Turner,30,Economic
3875,Wilson Bailey,30,Economic
5558,Audrey Perry,30,Economic
6135,Fenton Thompson,30,Economic
6761,Daniel Bennett,29,Economic
554,Marcus Holmes,29,Economic
543,Ryan Owens,29,Economic
3363,Lilianna Brooks,29,Economic
5022,Victor Mason,29,Economic
5814,Adrianna Myers,29,Economic
4642,Lyndon West,29,Economic
5332,Tess Miller,29,Economic
6861,Chloe Roberts,29,Economic
4928,Agata Hall,29,Economic
427,Daniel Elliott,29,Economic
5158,Dainton Fowler,29,Economic
5997,George Ferguson,28,Economic
5914,George Miller,28,Economic
6333,David Nelson,28,Economic
1059,Chelsea Williams,28,Economic
5589,Darcy Allen,28,Economic
6508,Abigail Rogers,28,Economic
4797,Max Johnston,28,Economic
6926,Melanie Thomas,27,Economic
2280,Eric Carter,27,Economic
5266,Edward Ryan,27,Economic
3219,Hailey Wilson,27,Economic
4068,Jack Edwards,27,Economic
1154,Edward Wright,27,Economic
5219,Eddy Barnes,26,Economic
6843,Julian Phillips,26,Economic
121,Joyce Spencer,26,Economic
6352,Ryan Grant,25,Economic
5168,Amanda Morrison,25,Economic
4159,Dexter Barrett,25,Economic
5875,Kelsey Richards,25,Economic
5556,Vivian Carroll,25,Economic
6001,Lydia Myers,25,Economic
21,Evelyn Thompson,24,Economic
32,Charlotte Douglas,24,Economic
6160,Myra Hunt,24,Economic
6152,Roman Ferguson,24,Economic
2223,Amanda Mason,24,Economic
6392,Aiden Brown,24,Economic
6050,Carlos Higgins,24,Economic
5882,Ryan Hamilton,23,Economic
5500,Martin Phillips,23,Economic
181,Joyce Scott,23,Economic
2159,Haris Clark,22,Economic
5933,Vivian Baker,22,Economic
4721,Brianna Myers,22,Economic
5765,Aida Wright,22,Economic
5896,Alan Taylor,20,Economic
6167,Miranda Scott,19,Economic
2496,Henry Perkins,19,Economic
2196,Adrianna Jones,18,Economic
435,Roman Tucker,18,Economic
2806,Albert Sullivan,18,Economic
5848,Adrianna Howard,18,Economic
5309,Kate Nelson,17,Economic
2212,Kirsten Murray,17,Economic
2198,Victor Evans,17,Economic
2321,Julian Fowler,17,Economic
5960,Henry Mason,17,Economic
5630,Blake Myers,17,Economic
4067,Maya Allen,17,Economic
2163,Savana Morrison,16,Economic
4056,Rubie Jones,16,Economic
5569,Roman Elliott,16,Economic
4121,Naomi Tucker,16,Economic
80,Adison Carroll,15,Economic
5470,Elise Baker,15,Economic
6350,Camila Morgan,14,Economic
4045,Abraham Roberts,14,Economic
5998,Catherine Watson,13,Economic
6173,James Phillips,13,Economic
5491,Amy Craig,13,Economic
5512,Sabrina Cole,13,Economic
5458,Vanessa Harris,13,Economic
5911,Carl Anderson,13,Economic
30,Arnold Moore,13,Economic
97,Vivian Anderson,12,Economic
103,Lucia Montgomery,12,Economic
13,George Foster,12,Economic
193,Jacob Owens,12,Economic
2186,Kellan Davis,12,Economic
175,Alen Adams,12,Economic
149,Julian Thomas,12,Economic
89,Belinda Watson,12,Economic
6061,Steven Cooper,12,Economic
2209,Madaline Farrell,12,Economic
2289,Adam Murray,12,Economic
5675,Michelle Parker,12,Economic
5697,Miley Spencer,12,Economic
5795,Fenton Grant,12,Economic
5567,Maximilian Armstrong,12,Economic
5844,Cadie Scott,12,Economic
5849,Dexter Henderson,12,Economic
5503,George Hawkins,12,Economic
5980,Adam Parker,12,Economic
4122,Penelope Moore,12,Economic
6142,Rebecca Ellis,12,Economic
6145,Ashton Chapman,12,Economic
6166,Dominik Ross,12,Economic
6189,Sofia Morris,12,Economic
6147,Albert Morris,12,Economic
2272,Marcus Thomas,12,Economic
4131,Penelope Stevens,12,Economic
2265,Dainton Brown,12,Economic
6379,Luke Baker,12,Economic
4175,Adele Mitchell,12,Economic
6390,Vivian Hawkins,12,Economic
4126,Aiden Cunningham,12,Economic
6416,Grace Carter,12,Economic
4166,Harold Baker,12,Economic
4125,Adison Brooks,11,Economic
5571,Leonardo Parker,11,Economic
153,Ryan Kelly,11,Economic
4178,Martin Carter,11,Economic
5592,Miranda Craig,11,Economic
135,Edith Alexander,11,Economic
4173,Garry Jones,11,Economic
5537,Paul Moore,11,Economic
4157,Dominik Walker,11,Economic
4105,Rubie Gibson,11,Economic
4151,Natalie Phillips,11,Economic
5486,Byron Sullivan,11,Economic
83,Alexia Mason,11,Economic
156,Derek Stevens,11,Economic
5621,Alexander Brooks,11,Economic
5833,Adrian Wells,11,Economic
4052,Emily Nelson,11,Economic
5647,Chester West,11,Economic
6465,Lucas Evans,11,Economic
6441,Charlotte Taylor,11,Economic
2236,Lucia Crawford,11,Economic
2238,Edgar Edwards,11,Economic
2155,Belinda Ellis,11,Economic
6383,Clark Cameron,11,Economic
6344,Jasmine Baker,11,Economic
2271,Martin Foster,11,Economic
2277,James Henderson,11,Economic
2281,Edwin Richardson,11,Economic
6102,Clark Spencer,11,Economic
6052,Melissa Owens,11,Economic
5972,Lyndon Elliott,11,Economic
5917,Sabrina West,11,Economic
5916,Chelsea Harper,11,Economic
2220,Sophia Myers,11,Economic
5807,Valeria Hawkins,11,Economic
5778,Miller Grant,11,Economic
5770,Honey Miller,11,Economic
3,Steven Parker,11,Economic
