name and surname,preferences
Oscar Williams,"['Outdoors', 'Factory']"
Tyler Anderson,"['Outdoors', 'Factory']"
Aston Johnson,"['Outdoors', 'Factory']"
Miley Cooper,"['Factory', 'Outdoors']"
Honey Baker,"['Outdoors', 'Factory']"
Deanna Grant,"['Factory', 'Outdoors']"
Aiden Casey,"['Factory', 'Outdoors']"
Anna Richardson,"['Outdoors', 'Factory']"
Aston Harrison,"['Outdoors', 'Factory']"
Violet Thompson,"['Factory', 'Outdoors']"
Alan Harper,"['Factory', 'Outdoors']"
Camila Sullivan,"['Outdoors', 'Factory']"
Myra Jones,"['Outdoors', 'Factory']"
Vivian Wells,"['Factory', 'Outdoors']"
Edward Douglas,"['Outdoors', 'Factory']"
Kate Richardson,"['Outdoors', 'Factory']"
Walter Robinson,"['Outdoors', 'Factory']"
Valeria Harrison,"['Factory', 'Outdoors']"
Alisa Murphy,"['Outdoors', 'Factory']"
Frederick Stevens,"['Factory', 'Outdoors']"
Cherry Kelley,"['Outdoors', 'Factory']"
Blake Thompson,"['Outdoors', 'Factory']"
Abraham Richardson,"['Factory', 'Outdoors']"
Stella Richardson,"['Outdoors', 'Factory']"
Adele Johnston,"['Factory', 'Outdoors']"
Rosie Walker,"['Factory', 'Outdoors']"
Cadie Barrett,"['Factory', 'Outdoors']"
Henry Kelley,"['Factory', 'Outdoors']"
Paul West,"['Factory', 'Outdoors']"
Adison Morris,"['Factory', 'Outdoors']"
Sabrina Brooks,"['Outdoors', 'Factory']"
Lucia Howard,"['Factory', 'Outdoors']"
Sydney Davis,"['Factory', 'Outdoors']"
Oscar Reed,"['Factory', 'Outdoors']"
Sam Perkins,"['Factory', 'Outdoors']"
Adrianna Richardson,"['Factory', 'Outdoors']"
Ryan Murphy,"['Factory', 'Outdoors']"
Nicholas Spencer,"['Factory', 'Outdoors']"
Clark Martin,"['Outdoors', 'Factory']"
Naomi Ferguson,"['Factory', 'Outdoors']"
Maria Montgomery,"['Outdoors', 'Factory']"
Garry Harris,"['Factory', 'Outdoors']"
Mary Parker,"['Outdoors', 'Factory']"
Julia Nelson,"['Factory', 'Outdoors']"
Aida Spencer,"['Outdoors', 'Factory']"
Cherry Cooper,"['Factory', 'Outdoors']"
Mary Williams,"['Outdoors', 'Factory']"
Gianna Grant,"['Factory', 'Outdoors']"
Bruce Watson,"['Outdoors', 'Factory']"
Sydney Adams,"['Outdoors', 'Factory']"
Abraham Tucker,"['Factory', 'Outdoors']"
Kelvin Kelly,"['Factory', 'Outdoors']"
Maya Cameron,"['Factory', 'Outdoors']"
Adison Chapman,"['Outdoors', 'Factory']"
Lydia Allen,"['Factory', 'Outdoors']"
Victoria Morrison,"['Factory', 'Outdoors']"
Vincent Douglas,"['Factory', 'Outdoors']"
Reid Edwards,"['Outdoors', 'Factory']"
Lyndon Harris,"['Factory', 'Outdoors']"
Lilianna Johnston,"['Outdoors', 'Factory']"
George Cunningham,"['Outdoors', 'Factory']"
Alissa Robinson,"['Outdoors', 'Factory']"
Steven Douglas,"['Factory', 'Outdoors']"
Maximilian Carroll,"['Outdoors', 'Factory']"
Michelle Phillips,"['Factory', 'Outdoors']"
Kate Taylor,"['Outdoors', 'Factory']"
Brianna Jones,"['Outdoors', 'Factory']"
Sydney Harper,"['Outdoors', 'Factory']"
Alan Campbell,"['Outdoors', 'Factory']"
Adison Foster,"['Factory', 'Outdoors']"
Daisy Rogers,"['Outdoors', 'Factory']"
Carl Roberts,"['Outdoors', 'Factory']"
Maya Jones,"['Outdoors', 'Factory']"
Lily Armstrong,"['Outdoors', 'Factory']"
Belinda Walker,"['Factory', 'Outdoors']"
Vincent Chapman,"['Factory', 'Outdoors']"
Alexander Cole,"['Outdoors', 'Factory']"
Mike Parker,"['Factory', 'Outdoors']"
Rebecca Ryan,"['Factory', 'Outdoors']"
Vivian Henderson,"['Outdoors', 'Factory']"
James Cunningham,"['Factory', 'Outdoors']"
Agata Montgomery,"['Outdoors', 'Factory']"
Rubie Foster,"['Outdoors', 'Factory']"
Audrey Parker,"['Outdoors', 'Factory']"
Madaline Carter,"['Outdoors', 'Factory']"
Alisa Dixon,"['Outdoors', 'Factory']"
Tony Tucker,"['Outdoors', 'Factory']"
Lily Barnes,"['Outdoors', 'Factory']"
Catherine Robinson,"['Factory', 'Outdoors']"
Melissa Douglas,"['Factory', 'Outdoors']"
Adele Hunt,"['Outdoors', 'Factory']"
Eric Warren,"['Outdoors', 'Factory']"
Arthur Campbell,"['Outdoors', 'Factory']"
Camila Kelly,"['Factory', 'Outdoors']"
Jack Hunt,"['Factory', 'Outdoors']"
Ellia Miller,"['Outdoors', 'Factory']"
Ryan Baker,"['Factory', 'Outdoors']"
Dominik Cooper,"['Factory', 'Outdoors']"
Fiona Warren,"['Factory', 'Outdoors']"
Sam Murray,"['Outdoors', 'Factory']"
Aiden Kelly,"['Factory', 'Outdoors']"
Emma Cameron,"['Outdoors', 'Factory']"
Valeria Jones,"['Outdoors', 'Factory']"
Myra Stevens,"['Outdoors', 'Factory']"
Richard Brown,"['Factory', 'Outdoors']"
Ashton Wilson,"['Factory', 'Outdoors']"
Kristian Riley,"['Outdoors', 'Factory']"
Annabella Phillips,"['Factory', 'Outdoors']"
Sofia Douglas,"['Factory', 'Outdoors']"
Darcy Ryan,"['Factory', 'Outdoors']"
Abigail Barnes,"['Factory', 'Outdoors']"
Lydia Morgan,"['Outdoors', 'Factory']"
Aldus Harrison,"['Factory', 'Outdoors']"
Richard Stewart,"['Factory', 'Outdoors']"
Miranda Allen,"['Outdoors', 'Factory']"
Isabella Wells,"['Outdoors', 'Factory']"
Natalie Lloyd,"['Outdoors', 'Factory']"
Derek Richards,"['Factory', 'Outdoors']"
Kate Douglas,"['Factory', 'Outdoors']"
Charlotte Gibson,"['Outdoors', 'Factory']"
Isabella Cameron,"['Outdoors', 'Factory']"
Emma Bailey,"['Outdoors', 'Factory']"
Dale Russell,"['Outdoors', 'Factory']"
Spike Myers,"['Outdoors', 'Factory']"
Miranda Cunningham,"['Factory', 'Outdoors']"
Luke Rogers,"['Outdoors', 'Factory']"
Clark Rogers,"['Factory', 'Outdoors']"
Sienna Bailey,"['Factory', 'Outdoors']"
Miley Nelson,"['Outdoors', 'Factory']"
Sabrina Wells,"['Factory', 'Outdoors']"
Antony Armstrong,"['Outdoors', 'Factory']"
Tess Hall,"['Factory', 'Outdoors']"
Annabella Mitchell,"['Outdoors', 'Factory']"
Audrey Richards,"['Factory', 'Outdoors']"
Edward Hill,"['Outdoors', 'Factory']"
Ted Murray,"['Factory', 'Outdoors']"
Chloe Montgomery,"['Factory', 'Outdoors']"
Alina Morrison,"['Outdoors', 'Factory']"
Amber Chapman,"['Outdoors', 'Factory']"
Carl Elliott,"['Factory', 'Outdoors']"
Samantha Bennett,"['Outdoors', 'Factory']"
Lucas Thompson,"['Outdoors', 'Factory']"
Sabrina Riley,"['Outdoors', 'Factory']"
David Russell,"['Outdoors', 'Factory']"
Elian Henderson,"['Factory', 'Outdoors']"
Sydney Hill,"['Outdoors', 'Factory']"
Bruce Scott,"['Factory', 'Outdoors']"
Hailey Sullivan,"['Outdoors', 'Factory']"
Adison Cunningham,"['Outdoors', 'Factory']"
Owen Warren,"['Outdoors', 'Factory']"
Alexia Evans,"['Outdoors', 'Factory']"
Lucy Parker,"['Outdoors', 'Factory']"
Anna Morgan,"['Outdoors', 'Factory']"
Luke Craig,"['Outdoors', 'Factory']"
Alexander Gray,"['Factory', 'Outdoors']"
Marcus Parker,"['Factory', 'Outdoors']"
Lyndon Kelly,"['Factory', 'Outdoors']"
Mike West,"['Factory', 'Outdoors']"
David Moore,"['Factory', 'Outdoors']"
Kirsten Richards,"['Outdoors', 'Factory']"
Paul Hill,"['Outdoors', 'Factory']"
Lilianna Payne,"['Outdoors', 'Factory']"
Albert Reed,"['Factory', 'Outdoors']"
Anna Douglas,"['Factory', 'Outdoors']"
Blake Montgomery,"['Outdoors', 'Factory']"
Nicole Kelly,"['Outdoors', 'Factory']"
Rebecca Fowler,"['Factory', 'Outdoors']"
Dale Bennett,"['Factory', 'Outdoors']"
Tyler Payne,"['Factory', 'Outdoors']"
Alberta Wells,"['Factory', 'Outdoors']"
Maria Ferguson,"['Outdoors', 'Factory']"
Alfred Thompson,"['Outdoors', 'Factory']"
Jordan Holmes,"['Outdoors', 'Factory']"
Adrian Kelly,"['Factory', 'Outdoors']"
Adrianna Ross,"['Outdoors', 'Factory']"
Chester Cameron,"['Outdoors', 'Factory']"
Lily Adams,"['Factory', 'Outdoors']"
Amy Ross,"['Outdoors', 'Factory']"
Miranda Stewart,"['Outdoors', 'Factory']"
Roman Brooks,"['Outdoors', 'Factory']"
Melissa Thomas,"['Outdoors', 'Factory']"
Victoria Carter,"['Outdoors', 'Factory']"
Emma Montgomery,"['Factory', 'Outdoors']"
Chloe Scott,"['Factory', 'Outdoors']"
Briony Henderson,"['Factory', 'Outdoors']"
Arthur Phillips,"['Factory', 'Outdoors']"
Jared Miller,"['Outdoors', 'Factory']"
Clark Thompson,"['Outdoors', 'Factory']"
Owen Chapman,"['Factory', 'Outdoors']"
Kellan Cunningham,"['Outdoors', 'Factory']"
Vincent Allen,"['Outdoors', 'Factory']"
Miley Bailey,"['Outdoors', 'Factory']"
Audrey Rogers,"['Factory', 'Outdoors']"
John Dixon,"['Factory', 'Outdoors']"
Honey Sullivan,"['Factory', 'Outdoors']"
Steven Chapman,"['Factory', 'Outdoors']"
Miranda West,"['Factory', 'Outdoors']"
Camila Harper,"['Factory', 'Outdoors']"
Jordan Reed,"['Outdoors', 'Factory']"
Miranda Gibson,"['Factory', 'Outdoors']"
Penelope Barnes,"['Outdoors', 'Factory']"
Martin Hamilton,"['Factory', 'Outdoors']"
Penelope Payne,"['Factory', 'Outdoors']"
Michelle Turner,"['Outdoors', 'Factory']"
Jared Owens,"['Outdoors', 'Factory']"
Edith Richardson,"['Factory', 'Outdoors']"
Elian Morrison,"['Outdoors', 'Factory']"
Aida Dixon,"['Outdoors', 'Factory']"
Isabella Anderson,"['Factory', 'Outdoors']"
Caroline West,"['Factory', 'Outdoors']"
Oscar Johnson,"['Factory', 'Outdoors']"
Madaline Scott,"['Outdoors', 'Factory']"
Blake Armstrong,"['Outdoors', 'Factory']"
Eddy Cooper,"['Factory', 'Outdoors']"
Edward Brooks,"['Outdoors', 'Factory']"
Violet Campbell,"['Outdoors', 'Factory']"
Dominik Brown,"['Outdoors', 'Factory']"
Annabella Craig,"['Outdoors', 'Factory']"
Tyler Higgins,"['Factory', 'Outdoors']"
Arnold Kelley,"['Outdoors', 'Factory']"
Henry Harper,"['Outdoors', 'Factory']"
Amber Morris,"['Factory', 'Outdoors']"
Michelle Ryan,"['Factory', 'Outdoors']"
Vanessa Morris,"['Outdoors', 'Factory']"
Vincent Myers,"['Factory', 'Outdoors']"
Andrew Carter,"['Factory', 'Outdoors']"
Tess Montgomery,"['Outdoors', 'Factory']"
Sarah Reed,"['Factory', 'Outdoors']"
Jasmine Rogers,"['Outdoors', 'Factory']"
Kelvin Johnston,"['Factory', 'Outdoors']"
Spike Casey,"['Factory', 'Outdoors']"
Justin Richardson,"['Outdoors', 'Factory']"
Fiona Baker,"['Outdoors', 'Factory']"
Henry Sullivan,"['Outdoors', 'Factory']"
Jasmine Roberts,"['Outdoors', 'Factory']"
Carl Turner,"['Outdoors', 'Factory']"
Gianna Alexander,"['Outdoors', 'Factory']"
Antony Carroll,"['Factory', 'Outdoors']"
Charlotte Harrison,"['Outdoors', 'Factory']"
Thomas Brooks,"['Factory', 'Outdoors']"
George Roberts,"['Factory', 'Outdoors']"
Jack Fowler,"['Factory', 'Outdoors']"
Maximilian Parker,"['Factory', 'Outdoors']"
Stuart Davis,"['Factory', 'Outdoors']"
Catherine Johnson,"['Factory', 'Outdoors']"
Andrew Ferguson,"['Outdoors', 'Factory']"
Jacob Rogers,"['Outdoors', 'Factory']"
Reid Hunt,"['Factory', 'Outdoors']"
Isabella Perkins,"['Outdoors', 'Factory']"
Annabella Higgins,"['Outdoors', 'Factory']"
Aston Craig,"['Factory', 'Outdoors']"
Roland Spencer,"['Outdoors', 'Factory']"
Owen Gibson,"['Factory', 'Outdoors']"
Kristian Mitchell,"['Factory', 'Outdoors']"
David Cunningham,"['Outdoors', 'Factory']"
Sofia Carter,"['Factory', 'Outdoors']"
Michelle Holmes,"['Factory', 'Outdoors']"
Adam Richards,"['Outdoors', 'Factory']"
David Sullivan,"['Factory', 'Outdoors']"
Tiana Harper,"['Factory', 'Outdoors']"
Miller Russell,"['Factory', 'Outdoors']"
Arianna Parker,"['Factory', 'Outdoors']"
Eleanor Murray,"['Factory', 'Outdoors']"
Sawyer Carroll,"['Outdoors', 'Factory']"
Aldus Thomas,"['Outdoors', 'Factory']"
Arthur Adams,"['Factory', 'Outdoors']"
Tara Andrews,"['Factory', 'Outdoors']"
Violet Stewart,"['Outdoors', 'Factory']"
Mary Douglas,"['Outdoors', 'Factory']"
Heather Gibson,"['Factory', 'Outdoors']"
Arianna Smith,"['Factory', 'Outdoors']"
Anna Casey,"['Factory', 'Outdoors']"
Melissa Kelly,"['Outdoors', 'Factory']"
Jasmine Reed,"['Outdoors', 'Factory']"
Melanie Edwards,"['Factory', 'Outdoors']"
Steven Tucker,"['Factory', 'Outdoors']"
Daisy Edwards,"['Outdoors', 'Factory']"
Kate Henderson,"['Factory', 'Outdoors']"
Hailey Parker,"['Outdoors', 'Factory']"
Garry Hill,"['Outdoors', 'Factory']"
Nicholas Foster,"['Outdoors', 'Factory']"
Rosie Martin,"['Outdoors', 'Factory']"
Emma Ryan,"['Outdoors', 'Factory']"
Maria Moore,"['Outdoors', 'Factory']"
Penelope Walker,"['Outdoors', 'Factory']"
Adele Ferguson,"['Outdoors', 'Factory']"
Owen Ryan,"['Outdoors', 'Factory']"
Lilianna Allen,"['Outdoors', 'Factory']"
Isabella Douglas,"['Outdoors', 'Factory']"
Catherine Richardson,"['Outdoors', 'Factory']"
Alfred Thomas,"['Outdoors', 'Factory']"
Amanda Richardson,"['Factory', 'Outdoors']"
Victoria Stevens,"['Factory', 'Outdoors']"
Frederick Cooper,"['Factory', 'Outdoors']"
Grace Perry,"['Factory', 'Outdoors']"
Walter Johnston,"['Outdoors', 'Factory']"
Miranda Spencer,"['Outdoors', 'Factory']"
Maya Myers,"['Outdoors', 'Factory']"
Ada Spencer,"['Factory', 'Outdoors']"
Catherine Wright,"['Factory', 'Outdoors']"
Tyler Roberts,"['Outdoors', 'Factory']"
Lily Howard,"['Outdoors', 'Factory']"
Tyler Watson,"['Factory', 'Outdoors']"
Julia Payne,"['Factory', 'Outdoors']"
Frederick Brown,"['Outdoors', 'Factory']"
Stuart Fowler,"['Factory', 'Outdoors']"
Miley Rogers,"['Factory', 'Outdoors']"
Abraham Taylor,"['Factory', 'Outdoors']"
Florrie Wright,"['Outdoors', 'Factory']"
Tara Craig,"['Outdoors', 'Factory']"
Charlie Spencer,"['Factory', 'Outdoors']"
Lana Myers,"['Factory', 'Outdoors']"
Haris Cameron,"['Outdoors', 'Factory']"
Leonardo Casey,"['Outdoors', 'Factory']"
Charlotte Baker,"['Outdoors', 'Factory']"
Chester Allen,"['Factory', 'Outdoors']"
Eric Craig,"['Factory', 'Outdoors']"
Kevin Jones,"['Outdoors', 'Factory']"
April Bennett,"['Factory', 'Outdoors']"
Agata Richards,"['Factory', 'Outdoors']"
Miley Jones,"['Factory', 'Outdoors']"
Michael Dixon,"['Factory', 'Outdoors']"
Tess Cameron,"['Outdoors', 'Factory']"
Mary Evans,"['Factory', 'Outdoors']"
Thomas Harris,"['Factory', 'Outdoors']"
Carina Carter,"['Factory', 'Outdoors']"
Anna Payne,"['Factory', 'Outdoors']"
Briony Ross,"['Factory', 'Outdoors']"
Edgar Phillips,"['Factory', 'Outdoors']"
Daisy Smith,"['Outdoors', 'Factory']"
Lydia Grant,"['Outdoors', 'Factory']"
Honey Armstrong,"['Factory', 'Outdoors']"
Amber Miller,"['Outdoors', 'Factory']"
Jessica Myers,"['Factory', 'Outdoors']"
Marcus Hamilton,"['Outdoors', 'Factory']"
Tiana Davis,"['Outdoors', 'Factory']"
Sam Jones,"['Outdoors', 'Factory']"
Owen Johnson,"['Factory', 'Outdoors']"
Alfred Murphy,"['Factory', 'Outdoors']"
Maya Roberts,"['Outdoors', 'Factory']"
Valeria Andrews,"['Factory', 'Outdoors']"
Kate Holmes,"['Outdoors', 'Factory']"
Garry Montgomery,"['Factory', 'Outdoors']"
Emily Johnston,"['Outdoors', 'Factory']"
Savana Harris,"['Outdoors', 'Factory']"
Henry Howard,"['Outdoors', 'Factory']"
George Williams,"['Factory', 'Outdoors']"
Luke Taylor,"['Factory', 'Outdoors']"
Tiana Riley,"['Outdoors', 'Factory']"
Amy Dixon,"['Outdoors', 'Factory']"
Penelope Allen,"['Outdoors', 'Factory']"
Julian Stevens,"['Outdoors', 'Factory']"
Carl Barrett,"['Outdoors', 'Factory']"
Roman Cameron,"['Factory', 'Outdoors']"
Eric Richards,"['Factory', 'Outdoors']"
Eddy Rogers,"['Factory', 'Outdoors']"
Ashton Cameron,"['Outdoors', 'Factory']"
Harold Stevens,"['Outdoors', 'Factory']"
Mike Nelson,"['Outdoors', 'Factory']"
Max Barnes,"['Factory', 'Outdoors']"
Antony Kelley,"['Outdoors', 'Factory']"
Nicholas Warren,"['Outdoors', 'Factory']"
Michael Harper,"['Outdoors', 'Factory']"
Chloe Tucker,"['Outdoors', 'Factory']"
Bruce Spencer,"['Factory', 'Outdoors']"
Darcy Morrison,"['Factory', 'Outdoors']"
Fiona Armstrong,"['Outdoors', 'Factory']"
William Evans,"['Outdoors', 'Factory']"
Sam Farrell,"['Outdoors', 'Factory']"
Antony Owens,"['Outdoors', 'Factory']"
James Russell,"['Factory', 'Outdoors']"
Briony Tucker,"['Factory', 'Outdoors']"
Dale Foster,"['Outdoors', 'Factory']"
Steven Fowler,"['Outdoors', 'Factory']"
Alexia Tucker,"['Outdoors', 'Factory']"
Lucia Smith,"['Factory', 'Outdoors']"
Miranda Walker,"['Factory', 'Outdoors']"
Carina Douglas,"['Factory', 'Outdoors']"
Annabella Thomas,"['Factory', 'Outdoors']"
Byron Ross,"['Factory', 'Outdoors']"
Edwin Craig,"['Outdoors', 'Factory']"
Eric Taylor,"['Outdoors', 'Factory']"
Adrianna Phillips,"['Outdoors', 'Factory']"
Adison Ferguson,"['Outdoors', 'Factory']"
Adison Thompson,"['Factory', 'Outdoors']"
Dale Nelson,"['Outdoors', 'Factory']"
Cherry Fowler,"['Factory', 'Outdoors']"
Aldus Hill,"['Outdoors', 'Factory']"
Kristian Phillips,"['Outdoors', 'Factory']"
Miley Wilson,"['Outdoors', 'Factory']"
Lilianna Montgomery,"['Factory', 'Outdoors']"
Miller Reed,"['Factory', 'Outdoors']"
Dale Hawkins,"['Outdoors', 'Factory']"
Dexter Tucker,"['Outdoors', 'Factory']"
Wilson Henderson,"['Outdoors', 'Factory']"
Adison Crawford,"['Outdoors', 'Factory']"
Patrick Montgomery,"['Factory', 'Outdoors']"
Valeria Hamilton,"['Factory', 'Outdoors']"
Charlotte Bennett,"['Outdoors', 'Factory']"
Vivian Miller,"['Outdoors', 'Factory']"
Reid Smith,"['Outdoors', 'Factory']"
Steven Dixon,"['Outdoors', 'Factory']"
Justin Roberts,"['Factory', 'Outdoors']"
Stella Richards,"['Outdoors', 'Factory']"
Darcy Brown,"['Factory', 'Outdoors']"
Lucy Holmes,"['Factory', 'Outdoors']"
Antony Andrews,"['Factory', 'Outdoors']"
Miller Chapman,"['Outdoors', 'Factory']"
Sofia Campbell,"['Factory', 'Outdoors']"
Charlie Williams,"['Outdoors', 'Factory']"
Aldus Murphy,"['Outdoors', 'Factory']"
Kate Howard,"['Factory', 'Outdoors']"
Amelia Barnes,"['Outdoors', 'Factory']"
Frederick Jones,"['Factory', 'Outdoors']"
Maddie Martin,"['Factory', 'Outdoors']"
Elian Kelly,"['Factory', 'Outdoors']"
Connie Craig,"['Outdoors', 'Factory']"
Vivian Harrison,"['Factory', 'Outdoors']"
Byron Ferguson,"['Factory', 'Outdoors']"
Frederick Elliott,"['Factory', 'Outdoors']"
Anna Campbell,"['Outdoors', 'Factory']"
Sawyer Wells,"['Outdoors', 'Factory']"
Jenna Carroll,"['Factory', 'Outdoors']"
Mary Thompson,"['Outdoors', 'Factory']"
Honey Wells,"['Outdoors', 'Factory']"
Kirsten Richardson,"['Factory', 'Outdoors']"
Dainton Cunningham,"['Outdoors', 'Factory']"
Jasmine Gibson,"['Factory', 'Outdoors']"
Dale Montgomery,"['Factory', 'Outdoors']"
Jordan Carroll,"['Factory', 'Outdoors']"
Tess Carroll,"['Factory', 'Outdoors']"
Albert Montgomery,"['Factory', 'Outdoors']"
Nicole Cunningham,"['Outdoors', 'Factory']"
Ryan Bailey,"['Outdoors', 'Factory']"
Audrey Hawkins,"['Outdoors', 'Factory']"
Aston Gibson,"['Outdoors', 'Factory']"
Miranda Jones,"['Factory', 'Outdoors']"
Rubie Douglas,"['Outdoors', 'Factory']"
Lyndon Moore,"['Factory', 'Outdoors']"
Alexia Martin,"['Outdoors', 'Factory']"
Nicholas Cunningham,"['Outdoors', 'Factory']"
Valeria Crawford,"['Outdoors', 'Factory']"
James Ross,"['Factory', 'Outdoors']"
Paul Kelly,"['Factory', 'Outdoors']"
Sabrina Farrell,"['Outdoors', 'Factory']"
Ryan Richards,"['Factory', 'Outdoors']"
Tess Ross,"['Outdoors', 'Factory']"
Charlotte Cameron,"['Outdoors', 'Factory']"
Alford Cameron,"['Outdoors', 'Factory']"
Adelaide Howard,"['Factory', 'Outdoors']"
Emma Brooks,"['Outdoors', 'Factory']"
Florrie Farrell,"['Factory', 'Outdoors']"
Melanie Smith,"['Outdoors', 'Factory']"
Arthur Thomas,"['Outdoors', 'Factory']"
Blake Jones,"['Factory', 'Outdoors']"
Alen Phillips,"['Outdoors', 'Factory']"
Julia Walker,"['Factory', 'Outdoors']"
Sophia Cunningham,"['Factory', 'Outdoors']"
Michael Bailey,"['Outdoors', 'Factory']"
Thomas Warren,"['Factory', 'Outdoors']"
Charlotte Brown,"['Outdoors', 'Factory']"
Stella Walker,"['Outdoors', 'Factory']"
Preston Scott,"['Factory', 'Outdoors']"
Byron Morgan,"['Factory', 'Outdoors']"
Lucas Henderson,"['Outdoors', 'Factory']"
William Andrews,"['Outdoors', 'Factory']"
Abigail Ryan,"['Factory', 'Outdoors']"
Aida Farrell,"['Outdoors', 'Factory']"
Alford Mason,"['Outdoors', 'Factory']"
Byron Howard,"['Outdoors', 'Factory']"
Carina Andrews,"['Factory', 'Outdoors']"
Lana Henderson,"['Factory', 'Outdoors']"
Penelope Phillips,"['Outdoors', 'Factory']"
Roland Barnes,"['Factory', 'Outdoors']"
Arianna Campbell,"['Outdoors', 'Factory']"
Grace Elliott,"['Outdoors', 'Factory']"
Briony Thomas,"['Outdoors', 'Factory']"
Oscar Phillips,"['Factory', 'Outdoors']"
Melanie Adams,"['Outdoors', 'Factory']"
Frederick Perry,"['Factory', 'Outdoors']"
Daisy Andrews,"['Factory', 'Outdoors']"
Jordan Bailey,"['Factory', 'Outdoors']"
Lana Thompson,"['Factory', 'Outdoors']"
Michelle Richards,"['Factory', 'Outdoors']"
Alexander Turner,"['Outdoors', 'Factory']"
Sabrina Rogers,"['Outdoors', 'Factory']"
Adison Barnes,"['Outdoors', 'Factory']"
Fiona Ryan,"['Factory', 'Outdoors']"
Elian Davis,"['Factory', 'Outdoors']"
Fenton Henderson,"['Factory', 'Outdoors']"
Alfred Sullivan,"['Outdoors', 'Factory']"
Eleanor Mitchell,"['Outdoors', 'Factory']"
Edward Smith,"['Outdoors', 'Factory']"
Lucia Mitchell,"['Outdoors', 'Factory']"
Jenna Morris,"['Factory', 'Outdoors']"
Kellan Campbell,"['Factory', 'Outdoors']"
George Russell,"['Factory', 'Outdoors']"
Savana Clark,"['Factory', 'Outdoors']"
Wilson West,"['Factory', 'Outdoors']"
Derek Dixon,"['Outdoors', 'Factory']"
Belinda Russell,"['Outdoors', 'Factory']"
Garry Howard,"['Factory', 'Outdoors']"
Tyler Richardson,"['Factory', 'Outdoors']"
Elian Johnston,"['Outdoors', 'Factory']"
Adele Douglas,"['Factory', 'Outdoors']"
Alford Williams,"['Factory', 'Outdoors']"
William Ryan,"['Outdoors', 'Factory']"
Lyndon Farrell,"['Factory', 'Outdoors']"
Fenton Jones,"['Outdoors', 'Factory']"
Ashton Dixon,"['Outdoors', 'Factory']"
Grace Brown,"['Factory', 'Outdoors']"
Emily Morgan,"['Outdoors', 'Factory']"
Savana Mitchell,"['Factory', 'Outdoors']"
Ned Fowler,"['Factory', 'Outdoors']"
Clark Phillips,"['Factory', 'Outdoors']"
Justin Elliott,"['Factory', 'Outdoors']"
Anna Farrell,"['Factory', 'Outdoors']"
Dale Howard,"['Factory', 'Outdoors']"
Dexter Miller,"['Outdoors', 'Factory']"
Thomas Hunt,"['Factory', 'Outdoors']"
Wilson Higgins,"['Factory', 'Outdoors']"
Mike Gibson,"['Outdoors', 'Factory']"
Deanna Carroll,"['Outdoors', 'Factory']"
Deanna Armstrong,"['Outdoors', 'Factory']"
Jenna Bennett,"['Factory', 'Outdoors']"
Cadie Anderson,"['Factory', 'Outdoors']"
Alexia Ferguson,"['Outdoors', 'Factory']"
William Spencer,"['Factory', 'Outdoors']"
Maximilian Miller,"['Factory', 'Outdoors']"
Jared Russell,"['Outdoors', 'Factory']"
Alan Cole,"['Outdoors', 'Factory']"
Kimberly Smith,"['Factory', 'Outdoors']"
Lilianna Harper,"['Outdoors', 'Factory']"
Patrick Grant,"['Factory', 'Outdoors']"
James Carroll,"['Factory', 'Outdoors']"
Brad Riley,"['Outdoors', 'Factory']"
Amber Russell,"['Factory', 'Outdoors']"
Kellan Ellis,"['Outdoors', 'Factory']"
Catherine Lloyd,"['Outdoors', 'Factory']"
Roman Alexander,"['Outdoors', 'Factory']"
Elian Andrews,"['Outdoors', 'Factory']"
Jacob Mitchell,"['Outdoors', 'Factory']"
Stella Cunningham,"['Factory', 'Outdoors']"
Jordan Higgins,"['Factory', 'Outdoors']"
Paul Murphy,"['Factory', 'Outdoors']"
Cherry Craig,"['Factory', 'Outdoors']"
Natalie Hill,"['Outdoors', 'Factory']"
Antony Brown,"['Outdoors', 'Factory']"
Fenton Cameron,"['Factory', 'Outdoors']"
Kimberly Jones,"['Outdoors', 'Factory']"
Dainton West,"['Outdoors', 'Factory']"
Briony Scott,"['Outdoors', 'Factory']"
Mary Foster,"['Outdoors', 'Factory']"
Heather Hamilton,"['Outdoors', 'Factory']"
Ted Riley,"['Outdoors', 'Factory']"
Lucas Robinson,"['Factory', 'Outdoors']"
Oliver Armstrong,"['Outdoors', 'Factory']"
Agata Murray,"['Factory', 'Outdoors']"
Brooke Wright,"['Outdoors', 'Factory']"
Lyndon Kelley,"['Outdoors', 'Factory']"
Sabrina Anderson,"['Factory', 'Outdoors']"
Haris Foster,"['Factory', 'Outdoors']"
Alexia Hamilton,"['Outdoors', 'Factory']"
Adam Armstrong,"['Outdoors', 'Factory']"
Garry Henderson,"['Factory', 'Outdoors']"
Tess Cooper,"['Factory', 'Outdoors']"
Maddie West,"['Outdoors', 'Factory']"
Arianna Harris,"['Outdoors', 'Factory']"
Ellia Wilson,"['Factory', 'Outdoors']"
John Crawford,"['Factory', 'Outdoors']"
Jack Perkins,"['Factory', 'Outdoors']"
Derek Mason,"['Outdoors', 'Factory']"
Ashton Ferguson,"['Factory', 'Outdoors']"
Sawyer Thompson,"['Outdoors', 'Factory']"
Ted Parker,"['Factory', 'Outdoors']"
Michelle Dixon,"['Factory', 'Outdoors']"
Kellan Hall,"['Outdoors', 'Factory']"
Heather Walker,"['Factory', 'Outdoors']"
Luke Thomas,"['Outdoors', 'Factory']"
Melanie Evans,"['Factory', 'Outdoors']"
George Parker,"['Outdoors', 'Factory']"
Jordan Kelley,"['Factory', 'Outdoors']"
Fenton Lloyd,"['Outdoors', 'Factory']"
Derek Hill,"['Factory', 'Outdoors']"
Ryan Barnes,"['Factory', 'Outdoors']"
Anna Walker,"['Factory', 'Outdoors']"
Harold Stewart,"['Outdoors', 'Factory']"
Sabrina Carroll,"['Factory', 'Outdoors']"
Lydia Perry,"['Factory', 'Outdoors']"
Adrian Edwards,"['Factory', 'Outdoors']"
Jacob Clark,"['Outdoors', 'Factory']"
Sam Wells,"['Factory', 'Outdoors']"
Florrie Ferguson,"['Outdoors', 'Factory']"
Alfred Mason,"['Outdoors', 'Factory']"
Kirsten Clark,"['Outdoors', 'Factory']"
Alfred Montgomery,"['Factory', 'Outdoors']"
Valeria Allen,"['Factory', 'Outdoors']"
Fenton Thomas,"['Factory', 'Outdoors']"
Richard Kelley,"['Outdoors', 'Factory']"
Ted Spencer,"['Factory', 'Outdoors']"
Melanie Watson,"['Outdoors', 'Factory']"
Lenny Murray,"['Outdoors', 'Factory']"
Kellan Craig,"['Outdoors', 'Factory']"
Spike Moore,"['Outdoors', 'Factory']"
Maria Hunt,"['Factory', 'Outdoors']"
Tara Myers,"['Outdoors', 'Factory']"
Amber Thompson,"['Factory', 'Outdoors']"
Michael Howard,"['Outdoors', 'Factory']"
Kevin Bailey,"['Factory', 'Outdoors']"
Evelyn Chapman,"['Outdoors', 'Factory']"
Byron Casey,"['Outdoors', 'Factory']"
Penelope Morrison,"['Outdoors', 'Factory']"
Edwin Miller,"['Outdoors', 'Factory']"
Edwin Bailey,"['Factory', 'Outdoors']"
Jordan Hill,"['Factory', 'Outdoors']"
Paige Miller,"['Outdoors', 'Factory']"
Wilson Ellis,"['Factory', 'Outdoors']"
Alberta Gray,"['Factory', 'Outdoors']"
Eric Russell,"['Outdoors', 'Factory']"
Kimberly Douglas,"['Outdoors', 'Factory']"
Victoria Holmes,"['Factory', 'Outdoors']"
Deanna Higgins,"['Factory', 'Outdoors']"
Michael Nelson,"['Outdoors', 'Factory']"
Marcus Farrell,"['Outdoors', 'Factory']"
Gianna Johnston,"['Factory', 'Outdoors']"
Dexter Crawford,"['Outdoors', 'Factory']"
Antony Morrison,"['Outdoors', 'Factory']"
Tony Hill,"['Factory', 'Outdoors']"
Madaline Moore,"['Factory', 'Outdoors']"
Elise Hawkins,"['Outdoors', 'Factory']"
Kristian Thomas,"['Outdoors', 'Factory']"
Brooke Thomas,"['Factory', 'Outdoors']"
Luke Williams,"['Factory', 'Outdoors']"
Oscar Anderson,"['Outdoors', 'Factory']"
Kirsten Ferguson,"['Outdoors', 'Factory']"
Paige Stewart,"['Outdoors', 'Factory']"
Martin Smith,"['Outdoors', 'Factory']"
Sam Myers,"['Outdoors', 'Factory']"
Alina Bailey,"['Outdoors', 'Factory']"
Connie Farrell,"['Factory', 'Outdoors']"
Paige Mason,"['Factory', 'Outdoors']"
James Warren,"['Factory', 'Outdoors']"
Natalie Alexander,"['Outdoors', 'Factory']"
Byron Ryan,"['Factory', 'Outdoors']"
Alexander Hamilton,"['Factory', 'Outdoors']"
Adison Riley,"['Factory', 'Outdoors']"
William Mitchell,"['Outdoors', 'Factory']"
Julian Farrell,"['Outdoors', 'Factory']"
Daisy Hamilton,"['Factory', 'Outdoors']"
Violet Phillips,"['Outdoors', 'Factory']"
Victor Brooks,"['Outdoors', 'Factory']"
Dominik Morgan,"['Outdoors', 'Factory']"
Naomi Stewart,"['Factory', 'Outdoors']"
Robert Carter,"['Factory', 'Outdoors']"
Melissa Allen,"['Factory', 'Outdoors']"
Henry Ferguson,"['Factory', 'Outdoors']"
Albert Alexander,"['Factory', 'Outdoors']"
Lana Williams,"['Outdoors', 'Factory']"
Ryan Wilson,"['Factory', 'Outdoors']"
Eric Tucker,"['Outdoors', 'Factory']"
Carl Richardson,"['Factory', 'Outdoors']"
James Crawford,"['Factory', 'Outdoors']"
Luke Cole,"['Factory', 'Outdoors']"
Ted Owens,"['Factory', 'Outdoors']"
Dominik Barrett,"['Factory', 'Outdoors']"
Joyce Owens,"['Outdoors', 'Factory']"
Charlotte Myers,"['Outdoors', 'Factory']"
Frederick Mason,"['Outdoors', 'Factory']"
James Tucker,"['Outdoors', 'Factory']"
Penelope Mason,"['Factory', 'Outdoors']"
Albert Walker,"['Outdoors', 'Factory']"
Melanie Morgan,"['Outdoors', 'Factory']"
Dale Crawford,"['Outdoors', 'Factory']"
Wilson Cole,"['Factory', 'Outdoors']"
Victor Ferguson,"['Factory', 'Outdoors']"
Isabella Carter,"['Factory', 'Outdoors']"
Alina Johnston,"['Factory', 'Outdoors']"
Jack Barrett,"['Factory', 'Outdoors']"
Elian Craig,"['Factory', 'Outdoors']"
Charlie Sullivan,"['Factory', 'Outdoors']"
Adele Carter,"['Factory', 'Outdoors']"
Grace Nelson,"['Factory', 'Outdoors']"
Alfred Payne,"['Outdoors', 'Factory']"
Valeria Hall,"['Factory', 'Outdoors']"
Chelsea Smith,"['Factory', 'Outdoors']"
Edwin Murray,"['Outdoors', 'Factory']"
Stuart Nelson,"['Outdoors', 'Factory']"
Alexia Nelson,"['Factory', 'Outdoors']"
Carina West,"['Outdoors', 'Factory']"
Robert Elliott,"['Factory', 'Outdoors']"
David Barnes,"['Outdoors', 'Factory']"
Alberta Riley,"['Factory', 'Outdoors']"
Alexander Taylor,"['Outdoors', 'Factory']"
Richard Payne,"['Outdoors', 'Factory']"
Anna Richards,"['Factory', 'Outdoors']"
Bruce Johnson,"['Factory', 'Outdoors']"
Ada Armstrong,"['Outdoors', 'Factory']"
Eddy Ross,"['Outdoors', 'Factory']"
Maximilian Johnson,"['Outdoors', 'Factory']"
Naomi Hill,"['Outdoors', 'Factory']"
Carl Tucker,"['Outdoors', 'Factory']"
Arnold Carter,"['Outdoors', 'Factory']"
Valeria Dixon,"['Factory', 'Outdoors']"
Bruce Ryan,"['Factory', 'Outdoors']"
Nicole Stewart,"['Outdoors', 'Factory']"
Alissa Smith,"['Outdoors', 'Factory']"
Olivia Stevens,"['Factory', 'Outdoors']"
Sam Kelley,"['Outdoors', 'Factory']"
Michelle Thompson,"['Outdoors', 'Factory']"
Tony Hall,"['Outdoors', 'Factory']"
Kirsten Roberts,"['Outdoors', 'Factory']"
Owen Thompson,"['Outdoors', 'Factory']"
Maria Warren,"['Factory', 'Outdoors']"
James Harrison,"['Outdoors', 'Factory']"
Reid Ellis,"['Factory', 'Outdoors']"
Frederick Casey,"['Outdoors', 'Factory']"
George Clark,"['Factory', 'Outdoors']"
Cherry Stewart,"['Outdoors', 'Factory']"
Rebecca Chapman,"['Factory', 'Outdoors']"
Florrie Wells,"['Outdoors', 'Factory']"
Agata Grant,"['Outdoors', 'Factory']"
Adele Perry,"['Factory', 'Outdoors']"
Richard Stevens,"['Factory', 'Outdoors']"
Garry Riley,"['Factory', 'Outdoors']"
Sam Ellis,"['Factory', 'Outdoors']"
Adison Reed,"['Factory', 'Outdoors']"
Madaline Turner,"['Outdoors', 'Factory']"
Alford Allen,"['Outdoors', 'Factory']"
Samantha Johnson,"['Outdoors', 'Factory']"
Belinda Rogers,"['Outdoors', 'Factory']"
Annabella Morgan,"['Outdoors', 'Factory']"
Albert Rogers,"['Factory', 'Outdoors']"
Albert Grant,"['Outdoors', 'Factory']"
Kristian Harris,"['Factory', 'Outdoors']"
Naomi Clark,"['Factory', 'Outdoors']"
Walter Anderson,"['Outdoors', 'Factory']"
Maddie Henderson,"['Outdoors', 'Factory']"
Richard Reed,"['Factory', 'Outdoors']"
Catherine Hall,"['Factory', 'Outdoors']"
Brianna Elliott,"['Outdoors', 'Factory']"
Alford Grant,"['Outdoors', 'Factory']"
Violet Riley,"['Outdoors', 'Factory']"
Dominik Evans,"['Factory', 'Outdoors']"
Preston Stevens,"['Factory', 'Outdoors']"
Adrian Parker,"['Outdoors', 'Factory']"
Rosie Lloyd,"['Factory', 'Outdoors']"
Jenna Russell,"['Factory', 'Outdoors']"
Robert Ellis,"['Factory', 'Outdoors']"
Tiana Williams,"['Factory', 'Outdoors']"
Justin Gray,"['Factory', 'Outdoors']"
Evelyn Casey,"['Factory', 'Outdoors']"
Ada Gibson,"['Factory', 'Outdoors']"
Savana Kelly,"['Outdoors', 'Factory']"
Hailey Hunt,"['Outdoors', 'Factory']"
Adele Gray,"['Outdoors', 'Factory']"
Kelsey Cunningham,"['Factory', 'Outdoors']"
Sydney Carter,"['Outdoors', 'Factory']"
Harold Moore,"['Factory', 'Outdoors']"
Martin Alexander,"['Outdoors', 'Factory']"
Kimberly Roberts,"['Outdoors', 'Factory']"
Kimberly Holmes,"['Outdoors', 'Factory']"
Victoria Richardson,"['Outdoors', 'Factory']"
Arianna Owens,"['Factory', 'Outdoors']"
Madaline Hunt,"['Outdoors', 'Factory']"
Belinda Henderson,"['Outdoors', 'Factory']"
Stella Parker,"['Outdoors', 'Factory']"
Melanie Lloyd,"['Factory', 'Outdoors']"
Patrick Evans,"['Factory', 'Outdoors']"
Vanessa Watson,"['Factory', 'Outdoors']"
Edward Alexander,"['Factory', 'Outdoors']"
Dominik Jones,"['Factory', 'Outdoors']"
Ryan Johnson,"['Factory', 'Outdoors']"
Emily Perkins,"['Factory', 'Outdoors']"
Bruce Roberts,"['Factory', 'Outdoors']"
Aldus Turner,"['Factory', 'Outdoors']"
April Anderson,"['Outdoors', 'Factory']"
Richard Baker,"['Outdoors', 'Factory']"
Rubie Richardson,"['Factory', 'Outdoors']"
Agata Warren,"['Outdoors', 'Factory']"
Jared Carter,"['Factory', 'Outdoors']"
Robert Harrison,"['Outdoors', 'Factory']"
Honey Morgan,"['Outdoors', 'Factory']"
John Clark,"['Factory', 'Outdoors']"
Steven Roberts,"['Outdoors', 'Factory']"
Dainton Perry,"['Outdoors', 'Factory']"
Adrianna Grant,"['Outdoors', 'Factory']"
Savana Harper,"['Outdoors', 'Factory']"
Fenton Roberts,"['Outdoors', 'Factory']"
Tony Gibson,"['Outdoors', 'Factory']"
Jared Cooper,"['Outdoors', 'Factory']"
William Henderson,"['Outdoors', 'Factory']"
Antony Warren,"['Factory', 'Outdoors']"
Sarah Bailey,"['Factory', 'Outdoors']"
Lyndon Johnston,"['Outdoors', 'Factory']"
Vanessa Hawkins,"['Outdoors', 'Factory']"
Aldus Taylor,"['Factory', 'Outdoors']"
Garry Brown,"['Factory', 'Outdoors']"
Abigail Allen,"['Outdoors', 'Factory']"
Elise Johnson,"['Outdoors', 'Factory']"
Eric Kelly,"['Outdoors', 'Factory']"
Wilson Farrell,"['Outdoors', 'Factory']"
Sophia Williams,"['Outdoors', 'Factory']"
Jessica Murray,"['Factory', 'Outdoors']"
Miley Payne,"['Outdoors', 'Factory']"
Justin Anderson,"['Outdoors', 'Factory']"
Grace Harris,"['Outdoors', 'Factory']"
Miley Stevens,"['Factory', 'Outdoors']"
Thomas Kelly,"['Factory', 'Outdoors']"
Maximilian Brooks,"['Outdoors', 'Factory']"
Vincent Lloyd,"['Outdoors', 'Factory']"
Aiden Richards,"['Factory', 'Outdoors']"
Ryan Nelson,"['Factory', 'Outdoors']"
Maria Wilson,"['Factory', 'Outdoors']"
Adrianna Moore,"['Outdoors', 'Factory']"
Mary Sullivan,"['Factory', 'Outdoors']"
Stella Cameron,"['Factory', 'Outdoors']"
Henry Ellis,"['Outdoors', 'Factory']"
Sarah Harrison,"['Factory', 'Outdoors']"
Dexter Rogers,"['Factory', 'Outdoors']"
Lucas Morgan,"['Outdoors', 'Factory']"
Lyndon Hall,"['Factory', 'Outdoors']"
Melanie Ross,"['Outdoors', 'Factory']"
Derek Williams,"['Factory', 'Outdoors']"
Jasmine Douglas,"['Outdoors', 'Factory']"
Kelsey Hawkins,"['Factory', 'Outdoors']"
Marcus Andrews,"['Factory', 'Outdoors']"
Vincent Cooper,"['Factory', 'Outdoors']"
Antony Hill,"['Outdoors', 'Factory']"
Lucy Richardson,"['Factory', 'Outdoors']"
Roman Smith,"['Factory', 'Outdoors']"
Thomas Cole,"['Factory', 'Outdoors']"
Maximilian Harrison,"['Outdoors', 'Factory']"
Justin Barnes,"['Outdoors', 'Factory']"
Eddy Hamilton,"['Factory', 'Outdoors']"
Adam Lloyd,"['Factory', 'Outdoors']"
George Nelson,"['Factory', 'Outdoors']"
Oliver Murray,"['Outdoors', 'Factory']"
Harold Alexander,"['Factory', 'Outdoors']"
Kimberly Bailey,"['Factory', 'Outdoors']"
Julia Morgan,"['Factory', 'Outdoors']"
Lyndon Warren,"['Outdoors', 'Factory']"
Sienna Foster,"['Factory', 'Outdoors']"
Lily Anderson,"['Factory', 'Outdoors']"
Sophia Miller,"['Factory', 'Outdoors']"
Edgar Thomas,"['Outdoors', 'Factory']"
Thomas West,"['Factory', 'Outdoors']"
Michael Morrison,"['Outdoors', 'Factory']"
Annabella Roberts,"['Outdoors', 'Factory']"
Carlos Smith,"['Outdoors', 'Factory']"
John Carter,"['Outdoors', 'Factory']"
Justin Harrison,"['Factory', 'Outdoors']"
Fenton Walker,"['Factory', 'Outdoors']"
Lilianna Foster,"['Factory', 'Outdoors']"
Ellia Carroll,"['Factory', 'Outdoors']"
Oliver Kelley,"['Outdoors', 'Factory']"
Thomas Murray,"['Outdoors', 'Factory']"
Jessica Sullivan,"['Outdoors', 'Factory']"
Briony Payne,"['Outdoors', 'Factory']"
Sophia Owens,"['Factory', 'Outdoors']"
Garry Kelly,"['Factory', 'Outdoors']"
Ellia Smith,"['Outdoors', 'Factory']"
Darcy Johnston,"['Factory', 'Outdoors']"
Lilianna Hunt,"['Outdoors', 'Factory']"
Kelsey Howard,"['Outdoors', 'Factory']"
Violet Morrison,"['Factory', 'Outdoors']"
Carina Miller,"['Factory', 'Outdoors']"
Martin Douglas,"['Outdoors', 'Factory']"
Jared Reed,"['Factory', 'Outdoors']"
Jenna Elliott,"['Outdoors', 'Factory']"
Derek Reed,"['Factory', 'Outdoors']"
Blake Mason,"['Outdoors', 'Factory']"
Edith Ross,"['Factory', 'Outdoors']"
Sophia Warren,"['Outdoors', 'Factory']"
Eleanor Payne,"['Outdoors', 'Factory']"
Melanie Gibson,"['Factory', 'Outdoors']"
Florrie Myers,"['Factory', 'Outdoors']"
Aida Gibson,"['Outdoors', 'Factory']"
Alexia Russell,"['Factory', 'Outdoors']"
Jasmine Hill,"['Outdoors', 'Factory']"
Darcy Fowler,"['Factory', 'Outdoors']"
Lyndon Rogers,"['Factory', 'Outdoors']"
Honey Allen,"['Factory', 'Outdoors']"
Chelsea Richards,"['Outdoors', 'Factory']"
Alexia West,"['Outdoors', 'Factory']"
William Bennett,"['Factory', 'Outdoors']"
Ada Sullivan,"['Factory', 'Outdoors']"
Harold Harper,"['Factory', 'Outdoors']"
Paige Grant,"['Factory', 'Outdoors']"
Alan Spencer,"['Factory', 'Outdoors']"
Madaline Carroll,"['Outdoors', 'Factory']"
Brooke Armstrong,"['Factory', 'Outdoors']"
Elian Dixon,"['Outdoors', 'Factory']"
Penelope Rogers,"['Outdoors', 'Factory']"
Rebecca Phillips,"['Outdoors', 'Factory']"
Andrew Morgan,"['Factory', 'Outdoors']"
Penelope Grant,"['Outdoors', 'Factory']"
Kevin Craig,"['Outdoors', 'Factory']"
Frederick Johnson,"['Factory', 'Outdoors']"
Justin Taylor,"['Factory', 'Outdoors']"
Sam Williams,"['Factory', 'Outdoors']"
Aston Perry,"['Factory', 'Outdoors']"
Jared Wells,"['Outdoors', 'Factory']"
Grace Douglas,"['Outdoors', 'Factory']"
Mary Barrett,"['Factory', 'Outdoors']"
Adam Harrison,"['Outdoors', 'Factory']"
Cherry Richardson,"['Outdoors', 'Factory']"
Sarah Johnston,"['Outdoors', 'Factory']"
Edith Allen,"['Factory', 'Outdoors']"
Chester Morgan,"['Factory', 'Outdoors']"
Alan Wells,"['Factory', 'Outdoors']"
Arnold Reed,"['Outdoors', 'Factory']"
Alan Robinson,"['Outdoors', 'Factory']"
Frederick Harrison,"['Outdoors', 'Factory']"
Florrie Bailey,"['Outdoors', 'Factory']"
Mike Gray,"['Factory', 'Outdoors']"
Emma Baker,"['Outdoors', 'Factory']"
Haris Fowler,"['Outdoors', 'Factory']"
Rafael Holmes,"['Factory', 'Outdoors']"
Daisy Wilson,"['Outdoors', 'Factory']"
Bruce Morgan,"['Factory', 'Outdoors']"
Adison Owens,"['Outdoors', 'Factory']"
Sarah Hunt,"['Outdoors', 'Factory']"
Sofia Sullivan,"['Outdoors', 'Factory']"
Martin Nelson,"['Factory', 'Outdoors']"
Brooke Barnes,"['Factory', 'Outdoors']"
Elian Sullivan,"['Outdoors', 'Factory']"
Luke Morgan,"['Factory', 'Outdoors']"
Carina Thompson,"['Factory', 'Outdoors']"
Dominik Taylor,"['Factory', 'Outdoors']"
Briony Sullivan,"['Outdoors', 'Factory']"
Jordan Gray,"['Outdoors', 'Factory']"
Dominik Harper,"['Outdoors', 'Factory']"
Henry Elliott,"['Factory', 'Outdoors']"
Leonardo Jones,"['Outdoors', 'Factory']"
Michelle Barnes,"['Factory', 'Outdoors']"
Grace Farrell,"['Outdoors', 'Factory']"
Alissa Cole,"['Outdoors', 'Factory']"
Owen Mitchell,"['Factory', 'Outdoors']"
Penelope Davis,"['Factory', 'Outdoors']"
Adele Crawford,"['Factory', 'Outdoors']"
Joyce West,"['Factory', 'Outdoors']"
Isabella Dixon,"['Factory', 'Outdoors']"
Carina Jones,"['Factory', 'Outdoors']"
Alissa Riley,"['Outdoors', 'Factory']"
Arthur Hamilton,"['Outdoors', 'Factory']"
Julian Mitchell,"['Factory', 'Outdoors']"
Michael Murray,"['Outdoors', 'Factory']"
Lucy Wright,"['Outdoors', 'Factory']"
Jessica Dixon,"['Outdoors', 'Factory']"
Daryl Smith,"['Factory', 'Outdoors']"
Gianna Edwards,"['Factory', 'Outdoors']"
Charlotte Barrett,"['Factory', 'Outdoors']"
Abraham Carter,"['Factory', 'Outdoors']"
Elise Kelley,"['Factory', 'Outdoors']"
Samantha Rogers,"['Factory', 'Outdoors']"
Paul Mason,"['Outdoors', 'Factory']"
Preston Morgan,"['Outdoors', 'Factory']"
Jordan Davis,"['Outdoors', 'Factory']"
Edith Casey,"['Factory', 'Outdoors']"
Annabella Robinson,"['Factory', 'Outdoors']"
George Adams,"['Factory', 'Outdoors']"
Julian Taylor,"['Outdoors', 'Factory']"
Carlos Cole,"['Factory', 'Outdoors']"
Amelia Wilson,"['Factory', 'Outdoors']"
Edith Cole,"['Factory', 'Outdoors']"
Audrey Roberts,"['Factory', 'Outdoors']"
Lucas Myers,"['Outdoors', 'Factory']"
Andrew Gibson,"['Factory', 'Outdoors']"
Roland Richardson,"['Factory', 'Outdoors']"
Kevin Hunt,"['Outdoors', 'Factory']"
Paul Johnston,"['Outdoors', 'Factory']"
Jacob Barnes,"['Factory', 'Outdoors']"
Albert Murphy,"['Factory', 'Outdoors']"
Miranda Alexander,"['Factory', 'Outdoors']"
Marcus Alexander,"['Outdoors', 'Factory']"
Alexia Holmes,"['Factory', 'Outdoors']"
Thomas Andrews,"['Outdoors', 'Factory']"
Emma Dixon,"['Outdoors', 'Factory']"
Adelaide Craig,"['Factory', 'Outdoors']"
Adelaide Grant,"['Outdoors', 'Factory']"
Patrick Casey,"['Factory', 'Outdoors']"
Carlos Cooper,"['Factory', 'Outdoors']"
Grace Gray,"['Factory', 'Outdoors']"
Tara Montgomery,"['Factory', 'Outdoors']"
Miranda Ross,"['Outdoors', 'Factory']"
Evelyn Martin,"['Factory', 'Outdoors']"
Lana Wilson,"['Outdoors', 'Factory']"
Roland Thompson,"['Outdoors', 'Factory']"
Adrian Henderson,"['Outdoors', 'Factory']"
Alen Parker,"['Factory', 'Outdoors']"
Roland West,"['Outdoors', 'Factory']"
Lucas Richards,"['Factory', 'Outdoors']"
Preston Allen,"['Factory', 'Outdoors']"
Adam Carroll,"['Factory', 'Outdoors']"
Vivian Gibson,"['Factory', 'Outdoors']"
Jared Howard,"['Outdoors', 'Factory']"
Ryan Davis,"['Outdoors', 'Factory']"
Belinda Moore,"['Outdoors', 'Factory']"
John Gibson,"['Factory', 'Outdoors']"
William Elliott,"['Outdoors', 'Factory']"
Alissa Elliott,"['Outdoors', 'Factory']"
Wilson Thomas,"['Factory', 'Outdoors']"
Sofia Gray,"['Factory', 'Outdoors']"
Spike Adams,"['Outdoors', 'Factory']"
Edwin Campbell,"['Factory', 'Outdoors']"
Savana Sullivan,"['Factory', 'Outdoors']"
Tara Scott,"['Factory', 'Outdoors']"
Isabella Cunningham,"['Factory', 'Outdoors']"
Jared Taylor,"['Outdoors', 'Factory']"
Sarah Montgomery,"['Factory', 'Outdoors']"
Emily Ferguson,"['Outdoors', 'Factory']"
Nicole Davis,"['Outdoors', 'Factory']"
Violet Cole,"['Outdoors', 'Factory']"
Antony Smith,"['Factory', 'Outdoors']"
Maximilian Henderson,"['Factory', 'Outdoors']"
Bruce Hall,"['Outdoors', 'Factory']"
Cadie Miller,"['Factory', 'Outdoors']"
Ryan Murray,"['Factory', 'Outdoors']"
